date,Algod√£o,CONCENTRADO,Complemento alimenta,Farinha de Milho,Farinha de Soja,Feno,Silagem de milho,lote,leite,qtd_animais_alimentados
2021-07-02T06:24:00,,,,,,,,1,2826,
2021-07-02T06:24:00,,,,,,,,2,2826,
2021-07-02T06:24:00,58,,,120,136,34,978,3,2826,24
2021-07-04T07:18:00,,,,,,,,1,2793,
2021-07-04T07:18:00,,,,,,,,2,2793,
2021-07-04T07:18:00,54,,,114,130,32,936,3,2793,23
2021-07-05T07:36:00,,,,,,,,1,2939,
2021-07-05T07:36:00,,,,,,,,2,2939,
2021-07-05T07:36:00,54,,,114,130,32,936,3,2939,23
2021-07-06T07:25:00,,,,,,,,1,2864,
2021-07-06T07:25:00,,,,,,,,2,2864,
2021-07-06T07:25:00,54,,,114,130,32,936,3,2864,23
2021-07-03T07:36:00,,,,,,,,1,3043,
2021-07-03T07:36:00,,,,,,,,2,3043,
2021-07-03T07:36:00,54,,,114,130,32,936,3,3043,23
2021-07-07T07:32:00,,,,,,,,1,2879,
2021-07-07T07:32:00,,,,,,,,2,2879,
2021-07-07T07:32:00,52,,,110,126,30,904,3,2879,23
2021-07-08T07:15:00,,,,,,,,1,2700,
2021-07-08T07:15:00,,,,,,,,2,2700,
2021-07-08T07:15:00,52,,,110,126,30,904,3,2700,23
2021-07-10T06:41:00,,,,,,,,1,2763,
2021-07-10T06:41:00,,,,,,,,2,2763,
2021-07-10T06:41:00,52,,,110,126,30,904,3,2763,23
2021-07-09T07:28:00,,,,,,,,1,2695,
2021-07-09T07:28:00,,,,,,,,2,2695,
2021-07-09T07:28:00,52,,,110,126,30,904,3,2695,23
2021-07-11T07:15:00,,,,,,,,1,2883,
2021-07-11T07:15:00,,,,,,,,2,2883,
2021-07-11T07:15:00,52,,,110,126,30,904,3,2883,23
2021-07-12T07:30:00,,,,,,,,1,3019.6,
2021-07-12T07:30:00,,,,,,,,2,3019.6,
2021-07-12T07:30:00,52,,,110,126,30,904,3,3019.6,23
2021-07-13T07:17:00,,,,,,,,1,2809,
2021-07-13T07:17:00,,,,,,,,2,2809,
2021-07-13T07:17:00,52,,,110,126,30,904,3,2809,23
2021-07-14T07:25:00,,,,,,,,1,2864,
2021-07-14T07:25:00,,,,,,,,2,2864,
2021-07-14T07:25:00,52,,,110,126,30,904,3,2864,23
2021-07-15T07:40:00,,,,,,,,1,2892,
2021-07-15T07:40:00,,,,,,,,2,2892,
2021-07-15T07:40:00,52,,,110,126,30,904,3,2892,23
2021-07-16T06:34:00,,,,,,,,1,2831,
2021-07-16T06:34:00,,,,,,,,2,2831,
2021-07-16T06:34:00,52,,,110,126,30,904,3,2831,23
2021-07-18T06:41:00,,,,,,,,1,2845,
2021-07-18T06:41:00,,,,,,,,2,2845,
2021-07-18T06:41:00,52,,,110,126,30,904,3,2845,23
2021-07-17T07:17:00,,,,,,,,1,2969,
2021-07-17T07:17:00,,,,,,,,2,2969,
2021-07-17T07:17:00,52,,,110,126,30,904,3,2969,23
2021-07-19T07:41:00,,,,,,,,1,2851,
2021-07-19T07:41:00,,,,,,,,2,2851,
2021-07-19T07:41:00,52,,,110,126,30,904,3,2851,23
2021-07-20T07:22:00,,,,,,,,1,2715,
2021-07-20T07:22:00,,,,,,,,2,2715,
2021-07-20T07:22:00,52,,,110,126,30,904,3,2715,23
2021-07-21T08:00:00,,,,,,,,1,2840.1,
2021-07-21T08:00:00,,,,,,,,2,2840.1,
2021-07-21T08:00:00,56,,,116,132,32,944,3,2840.1,24
2021-07-22T07:32:00,,,,,,,,1,2939,
2021-07-22T07:32:00,,,,,,,,2,2939,
2021-07-22T07:32:00,56,,,116,132,32,944,3,2939,24
2021-07-23T07:06:00,,,,,,,,1,2788,
2021-07-23T07:06:00,,,,,,,,2,2788,
2021-07-23T07:06:00,56,,,116,132,32,944,3,2788,24
2021-07-24T06:09:00,,,,,,,,1,3015,
2021-07-24T06:09:00,,,,,,,,2,3015,
2021-07-24T06:09:00,56,,,116,132,32,944,3,3015,24
2021-07-25T07:38:00,,,,,,,,1,3065,
2021-07-25T07:38:00,,,,,,,,2,3065,
2021-07-25T07:38:00,56,,,116,132,32,944,3,3065,24
2021-07-26T07:29:00,,,,,,,,1,2948,
2021-07-26T07:29:00,,,,,,,,2,2948,
2021-07-26T07:29:00,56,,,116,132,32,944,3,2948,24
2021-07-27T07:28:00,,,,,,,,1,2880,
2021-07-27T07:28:00,,,,,,,,2,2880,
2021-07-27T07:28:00,56,,,116,132,32,944,3,2880,24
2021-07-28T07:40:00,,,,,,,,1,2864,
2021-07-28T07:40:00,,,,,,,,2,2864,
2021-07-28T07:40:00,,,,98,122,30,966,3,2864,22
2021-07-29T07:06:00,,,,,,,,1,2453,
2021-07-29T07:06:00,,,,,,,,2,2453,
2021-07-29T07:06:00,,,,110,138,34,1098,3,2453,25
2021-07-30T06:44:00,,,,,,,,1,2597.9,
2021-07-30T06:44:00,,,,,,,,2,2597.9,
2021-07-30T06:44:00,,,,110,138,34,1098,3,2597.9,25
2021-07-31T07:54:00,,,,,,,,1,2504,
2021-07-31T07:54:00,,,,,,,,2,2504,
2021-07-31T07:54:00,,,,110,138,34,1098,3,2504,25
2021-08-01T06:42:00,,,,,,,,1,2496,
2021-08-01T06:42:00,,,,,,,,2,2496,
2021-08-01T06:42:00,,,,110,138,34,1098,3,2496,25
2021-08-02T07:40:00,,,,,,,,1,2506,
2021-08-02T07:40:00,,,,,,,,2,2506,
2021-08-02T07:40:00,,,,110,138,34,1098,3,2506,25
2021-08-03T07:32:00,,,,,,,,1,2764,
2021-08-03T07:32:00,,,,,,,,2,2764,
2021-08-03T07:32:00,,,,110,138,34,1098,3,2764,25
2021-08-04T07:39:00,,,,,,,,1,2818,
2021-08-04T07:39:00,,,,,,,,2,2818,
2021-08-04T07:39:00,,,,110,138,34,1098,3,2818,25
2021-07-02T07:19:00,,,,,,,,1,2826,
2021-07-02T07:19:00,54,,,116,112,30,1156,2,2826,28
2021-07-02T07:19:00,,,,,,,,3,2826,
2021-07-03T08:14:00,,,,,,,,1,3043,
2021-07-03T08:14:00,54,,,116,112,30,1156,2,3043,28
2021-07-03T08:14:00,,,,,,,,3,3043,
2021-07-04T07:58:00,,,,,,,,1,2793,
2021-07-04T07:58:00,54,,,116,112,30,1156,2,2793,28
2021-07-04T07:58:00,,,,,,,,3,2793,
2021-07-05T08:26:00,,,,,,,,1,2939,
2021-07-05T08:26:00,52,,,112,108,28,1116,2,2939,27
2021-07-05T08:26:00,,,,,,,,3,2939,
2021-07-06T08:07:00,,,,,,,,1,2864,
2021-07-06T08:07:00,52,,,112,108,28,1116,2,2864,27
2021-07-06T08:07:00,,,,,,,,3,2864,
2021-07-07T08:21:00,,,,,,,,1,2879,
2021-07-07T08:21:00,52,,,112,108,28,1116,2,2879,27
2021-07-07T08:21:00,,,,,,,,3,2879,
2021-07-08T07:56:00,,,,,,,,1,2700,
2021-07-08T07:56:00,52,,,112,108,28,1116,2,2700,27
2021-07-08T07:56:00,,,,,,,,3,2700,
2021-07-10T07:37:00,,,,,,,,1,2763,
2021-07-10T07:37:00,52,,,112,108,28,1116,2,2763,27
2021-07-10T07:37:00,,,,,,,,3,2763,
2021-07-11T08:02:00,,,,,,,,1,2883,
2021-07-11T08:02:00,52,,,112,108,28,1116,2,2883,27
2021-07-11T08:02:00,,,,,,,,3,2883,
2021-07-09T08:18:00,,,,,,,,1,2695,
2021-07-09T08:18:00,52,,,112,108,28,1116,2,2695,27
2021-07-09T08:18:00,,,,,,,,3,2695,
2021-07-12T08:16:00,,,,,,,,1,3019.6,
2021-07-12T08:16:00,52,,,112,108,28,1116,2,3019.6,27
2021-07-12T08:16:00,,,,,,,,3,3019.6,
2021-07-13T07:56:00,,,,,,,,1,2809,
2021-07-13T07:56:00,52,,,112,108,28,1116,2,2809,27
2021-07-13T07:56:00,,,,,,,,3,2809,
2021-07-14T08:10:00,,,,,,,,1,2864,
2021-07-14T08:10:00,52,,,112,108,28,1116,2,2864,27
2021-07-14T08:10:00,,,,,,,,3,2864,
2021-07-15T08:24:00,,,,,,,,1,2892,
2021-07-15T08:24:00,52,,,112,108,28,1116,2,2892,27
2021-07-15T08:24:00,,,,,,,,3,2892,
2021-07-16T07:11:00,,,,,,,,1,2831,
2021-07-16T07:11:00,52,,,112,108,28,1116,2,2831,27
2021-07-16T07:11:00,,,,,,,,3,2831,
2021-07-17T07:46:00,,,,,,,,1,2969,
2021-07-17T07:46:00,52,,,112,108,28,1116,2,2969,27
2021-07-17T07:46:00,,,,,,,,3,2969,
2021-07-18T07:17:00,,,,,,,,1,2845,
2021-07-18T07:17:00,52,,,112,108,28,1116,2,2845,27
2021-07-18T07:17:00,,,,,,,,3,2845,
2021-07-19T08:10:00,,,,,,,,1,2851,
2021-07-19T08:10:00,52,,,112,108,28,1116,2,2851,27
2021-07-19T08:10:00,,,,,,,,3,2851,
2021-07-20T07:52:00,,,,,,,,1,2715,
2021-07-20T07:52:00,52,,,112,108,28,1116,2,2715,27
2021-07-20T07:52:00,,,,,,,,3,2715,
2021-07-21T08:31:00,,,,,,,,1,2840.1,
2021-07-21T08:31:00,52,,,112,108,28,1116,2,2840.1,27
2021-07-21T08:31:00,,,,,,,,3,2840.1,
2021-07-22T08:03:00,,,,,,,,1,2939,
2021-07-22T08:03:00,52,,,112,108,28,1116,2,2939,27
2021-07-22T08:03:00,,,,,,,,3,2939,
2021-07-23T07:33:00,,,,,,,,1,2788,
2021-07-23T07:33:00,50,,,108,104,26,1074,2,2788,26
2021-07-23T07:33:00,,,,,,,,3,2788,
2021-07-24T06:39:00,,,,,,,,1,3015,
2021-07-24T06:39:00,50,,,108,104,26,1074,2,3015,26
2021-07-24T06:39:00,,,,,,,,3,3015,
2021-07-25T08:12:00,,,,,,,,1,3065,
2021-07-25T08:12:00,50,,,108,104,26,1074,2,3065,26
2021-07-25T08:12:00,,,,,,,,3,3065,
2021-07-26T08:04:00,,,,,,,,1,2948,
2021-07-26T08:04:00,50,,,108,104,26,1074,2,2948,26
2021-07-26T08:04:00,,,,,,,,3,2948,
2021-07-27T08:06:00,,,,,,,,1,2880,
2021-07-27T08:06:00,50,,,108,104,26,1074,2,2880,26
2021-07-27T08:06:00,,,,,,,,3,2880,
2021-07-28T08:13:00,,,,,,,,1,2864,
2021-07-28T08:13:00,,,,86,114,30,1070,2,2864,26
2021-07-28T08:13:00,,,,,,,,3,2864,
2021-07-29T07:43:00,,,,,,,,1,2453,
2021-07-29T07:43:00,,,,76,102,26,946,2,2453,23
2021-07-29T07:43:00,,,,,,,,3,2453,
2021-07-30T07:30:00,,,,,,,,1,2597.9,
2021-07-30T07:30:00,,,,76,102,26,946,2,2597.9,23
2021-07-30T07:30:00,,,,,,,,3,2597.9,
2021-07-31T08:42:00,,,,,,,,1,2504,
2021-07-31T08:42:00,,,,76,102,26,946,2,2504,23
2021-07-31T08:42:00,,,,,,,,3,2504,
2021-08-01T07:18:00,,,,,,,,1,2496,
2021-08-01T07:18:00,,,,76,102,26,946,2,2496,23
2021-08-01T07:18:00,,,,,,,,3,2496,
2021-08-02T08:23:00,,,,,,,,1,2506,
2021-08-02T08:23:00,,,,76,102,26,946,2,2506,23
2021-08-02T08:23:00,,,,,,,,3,2506,
2021-08-03T08:26:00,,,,,,,,1,2764,
2021-08-03T08:26:00,,,,74,98,24,906,2,2764,22
2021-08-03T08:26:00,,,,,,,,3,2764,
2021-08-04T08:19:00,,,,,,,,1,2818,
2021-08-04T08:19:00,,,,74,98,24,906,2,2818,22
2021-08-04T08:19:00,,,,,,,,3,2818,
2021-07-03T06:45:00,104,,,212,192,54,1280,1,3043,31
2021-07-03T06:45:00,,,,,,,,2,3043,
2021-07-03T06:45:00,,,,,,,,3,3043,
2021-07-02T05:31:00,104,,,212,192,54,1280,1,2826,31
2021-07-02T05:31:00,,,,,,,,2,2826,
2021-07-02T05:31:00,,,,,,,,3,2826,
2021-07-04T06:35:00,104,,,212,192,54,1280,1,2793,31
2021-07-04T06:35:00,,,,,,,,2,2793,
2021-07-04T06:35:00,,,,,,,,3,2793,
2021-07-05T06:26:00,104,,,212,192,54,1280,1,2939,31
2021-07-05T06:26:00,,,,,,,,2,2939,
2021-07-05T06:26:00,,,,,,,,3,2939,
2021-07-06T06:19:00,104,,,212,192,54,1280,1,2864,31
2021-07-06T06:19:00,,,,,,,,2,2864,
2021-07-06T06:19:00,,,,,,,,3,2864,
2021-07-07T06:34:00,100,,,206,186,52,1238,1,2879,31
2021-07-07T06:34:00,,,,,,,,2,2879,
2021-07-07T06:34:00,,,,,,,,3,2879,
2021-07-08T06:20:00,100,,,206,186,52,1238,1,2700,31
2021-07-08T06:20:00,,,,,,,,2,2700,
2021-07-08T06:20:00,,,,,,,,3,2700,
2021-07-09T06:39:00,102,,,212,192,52,1278,1,2695,32
2021-07-09T06:39:00,,,,,,,,2,2695,
2021-07-09T06:39:00,,,,,,,,3,2695,
2021-07-10T05:46:00,102,,,212,192,52,1278,1,2763,32
2021-07-10T05:46:00,,,,,,,,2,2763,
2021-07-10T05:46:00,,,,,,,,3,2763,
2021-07-11T06:20:00,102,,,212,192,52,1278,1,2883,32
2021-07-11T06:20:00,,,,,,,,2,2883,
2021-07-11T06:20:00,,,,,,,,3,2883,
2021-07-12T06:32:00,102,,,212,192,52,1278,1,3019.6,32
2021-07-12T06:32:00,,,,,,,,2,3019.6,
2021-07-12T06:32:00,,,,,,,,3,3019.6,
2021-07-13T06:24:00,102,,,212,192,52,1278,1,2809,32
2021-07-13T06:24:00,,,,,,,,2,2809,
2021-07-13T06:24:00,,,,,,,,3,2809,
2021-07-14T06:29:00,100,,,204,184,52,1232,1,2864,32
2021-07-14T06:29:00,,,,,,,,2,2864,
2021-07-14T06:29:00,,,,,,,,3,2864,
2021-07-15T06:38:00,100,,,204,184,52,1232,1,2892,32
2021-07-15T06:38:00,,,,,,,,2,2892,
2021-07-15T06:38:00,,,,,,,,3,2892,
2021-07-16T05:51:00,100,,,204,184,52,1232,1,2831,32
2021-07-16T05:51:00,,,,,,,,2,2831,
2021-07-16T05:51:00,,,,,,,,3,2831,
2021-07-17T06:31:00,100,,,204,184,52,1232,1,2969,32
2021-07-17T06:31:00,,,,,,,,2,2969,
2021-07-17T06:31:00,,,,,,,,3,2969,
2021-07-18T05:54:00,100,,,204,184,52,1232,1,2845,32
2021-07-18T05:54:00,,,,,,,,2,2845,
2021-07-18T05:54:00,,,,,,,,3,2845,
2021-07-19T06:38:00,102,,,210,190,52,1270,1,2851,33
2021-07-19T06:38:00,,,,,,,,2,2851,
2021-07-19T06:38:00,,,,,,,,3,2851,
2021-07-20T06:36:00,102,,,210,190,52,1270,1,2715,33
2021-07-20T06:36:00,,,,,,,,2,2715,
2021-07-20T06:36:00,,,,,,,,3,2715,
2021-07-21T06:58:00,102,,,210,190,52,1270,1,2840.1,33
2021-07-21T06:58:00,,,,,,,,2,2840.1,
2021-07-21T06:58:00,,,,,,,,3,2840.1,
2021-07-22T06:57:00,102,,,210,190,52,1270,1,2939,33
2021-07-22T06:57:00,,,,,,,,2,2939,
2021-07-22T06:57:00,,,,,,,,3,2939,
2021-07-23T06:20:00,102,,,210,190,52,1270,1,2788,33
2021-07-23T06:20:00,,,,,,,,2,2788,
2021-07-23T06:20:00,,,,,,,,3,2788,
2021-07-24T05:23:00,102,,,210,190,52,1270,1,3015,33
2021-07-24T05:23:00,,,,,,,,2,3015,
2021-07-24T05:23:00,,,,,,,,3,3015,
2021-07-25T06:48:00,102,,,210,190,52,1270,1,3065,33
2021-07-25T06:48:00,,,,,,,,2,3065,
2021-07-25T06:48:00,,,,,,,,3,3065,
2021-07-26T06:45:00,102,,,210,190,52,1270,1,2948,33
2021-07-26T06:45:00,,,,,,,,2,2948,
2021-07-26T06:45:00,,,,,,,,3,2948,
2021-07-27T06:50:00,100,,,204,184,52,1232,1,2880,32
2021-07-27T06:50:00,,,,,,,,2,2880,
2021-07-27T06:50:00,,,,,,,,3,2880,
2021-07-28T06:51:00,,,,188,224,56,1492,1,2864,34
2021-07-28T06:51:00,,,,,,,,2,2864,
2021-07-28T06:51:00,,,,,,,,3,2864,
2021-07-28T06:49:00,,,,,224,,,1,2864,34
2021-07-28T06:49:00,,,,,,,,2,2864,
2021-07-28T06:49:00,,,,,,,,3,2864,
2021-07-29T06:07:00,,,,188,224,56,1492,1,2453,34
2021-07-29T06:07:00,,,,,,,,2,2453,
2021-07-29T06:07:00,,,,,,,,3,2453,
2021-07-30T05:43:00,,,,188,224,56,1492,1,2597.9,34
2021-07-30T05:43:00,,,,,,,,2,2597.9,
2021-07-30T05:43:00,,,,,,,,3,2597.9,
2021-07-30T05:36:00,,,,,224,,,1,2597.9,34
2021-07-30T05:36:00,,,,,,,,2,2597.9,
2021-07-30T05:36:00,,,,,,,,3,2597.9,
2021-07-31T06:48:00,,,,188,224,56,1492,1,2504,34
2021-07-31T06:48:00,,,,,,,,2,2504,
2021-07-31T06:48:00,,,,,,,,3,2504,
2021-08-01T05:36:00,,,,192,232,58,1536,1,2496,35
2021-08-01T05:36:00,,,,,,,,2,2496,
2021-08-01T05:36:00,,,,,,,,3,2496,
2021-08-02T06:45:00,,,,192,232,58,1536,1,2506,35
2021-08-02T06:45:00,,,,,,,,2,2506,
2021-08-02T06:45:00,,,,,,,,3,2506,
2021-08-03T06:13:00,,,,258,310,78,2062,1,2764,47
2021-08-03T06:13:00,,,,,,,,2,2764,
2021-08-03T06:13:00,,,,,,,,3,2764,
2021-08-04T06:26:00,,,,258,310,78,2062,1,2818,47
2021-08-04T06:26:00,,,,,,,,2,2818,
2021-08-04T06:26:00,,,,,,,,3,2818,
2021-08-05T06:22:00,,,,210,252,64,1668,1,2718,38
2021-08-05T06:22:00,,,,,,,,2,2718,
2021-08-05T06:22:00,,,,,,,,3,2718,
2021-08-05T07:41:00,,,,,,,,1,2718,
2021-08-05T07:41:00,,,,,,,,2,2718,
2021-08-05T07:41:00,,,,110,138,34,1098,3,2718,25
2021-08-05T08:25:00,,,,,,,,1,2718,
2021-08-05T08:25:00,,,,74,98,24,906,2,2718,22
2021-08-05T08:25:00,,,,,,,,3,2718,
2021-08-06T05:34:00,,,,210,252,64,1668,1,2792,38
2021-08-06T05:34:00,,,,,,,,2,2792,
2021-08-06T05:34:00,,,,,,,,3,2792,
2021-08-06T06:50:00,,,,,,,,1,2792,
2021-08-06T06:50:00,,,,,,,,2,2792,
2021-08-06T06:50:00,,,,110,138,34,1098,3,2792,25
2021-08-06T07:36:00,,,,,,,,1,2792,
2021-08-06T07:36:00,,,,74,98,24,906,2,2792,22
2021-08-06T07:36:00,,,,,,,,3,2792,
2021-08-07T05:50:00,,,,214,258,64,1712,1,2787,39
2021-08-07T05:50:00,,,,,,,,2,2787,
2021-08-07T05:50:00,,,,,,,,3,2787,
2021-08-07T07:11:00,,,,,,,,1,2787,
2021-08-07T07:11:00,,,,,,,,2,2787,
2021-08-07T07:11:00,,,,110,138,34,1098,3,2787,25
2021-08-07T07:52:00,,,,,,,,1,2787,
2021-08-07T07:52:00,,,,74,98,24,906,2,2787,22
2021-08-07T07:52:00,,,,,,,,3,2787,
2021-08-08T06:28:00,,,,214,258,64,1712,1,2798,39
2021-08-08T06:28:00,,,,,,,,2,2798,
2021-08-08T06:28:00,,,,,,,,3,2798,
2021-08-08T07:50:00,,,,,,,,1,2798,
2021-08-08T07:50:00,,,,,,,,2,2798,
2021-08-08T07:50:00,,,,110,138,34,1098,3,2798,25
2021-08-08T08:43:00,,,,,,,,1,2798,
2021-08-08T08:43:00,,,,74,98,24,906,2,2798,22
2021-08-08T08:43:00,,,,,,,,3,2798,
2021-08-09T06:29:00,,,,214,258,64,1712,1,2795,39
2021-08-09T06:29:00,,,,,,,,2,2795,
2021-08-09T06:29:00,,,,,,,,3,2795,
2021-08-09T07:29:00,,,,,,,,1,2795,
2021-08-09T07:29:00,,,,,,,,2,2795,
2021-08-09T07:29:00,,,,110,138,34,1098,3,2795,25
2021-08-09T08:24:00,,,,,,,,1,2795,
2021-08-09T08:24:00,,,,74,98,24,906,2,2795,22
2021-08-09T08:24:00,,,,,,,,3,2795,
2021-08-10T06:10:00,,,,214,258,64,1712,1,2478.7,39
2021-08-10T06:10:00,,,,,,,,2,2478.7,
2021-08-10T06:10:00,,,,,,,,3,2478.7,
2021-08-10T07:04:00,,,,,,,,1,2478.7,
2021-08-10T07:04:00,,,,,,,,2,2478.7,
2021-08-10T07:04:00,,,,110,138,34,1098,3,2478.7,25
2021-08-10T07:48:00,,,,,,,,1,2478.7,
2021-08-10T07:48:00,,,,74,98,24,906,2,2478.7,22
2021-08-10T07:48:00,,,,,,,,3,2478.7,
2021-08-11T06:12:00,,,,214,258,64,1712,1,2809,39
2021-08-11T06:12:00,,,,,,,,2,2809,
2021-08-11T06:12:00,,,,,,,,3,2809,
2021-08-11T07:18:00,,,,,,,,1,2809,
2021-08-11T07:18:00,,,,,,,,2,2809,
2021-08-11T07:18:00,,,,110,138,34,1098,3,2809,25
2021-08-11T07:56:00,,,,,,,,1,2809,
2021-08-11T07:56:00,,,,74,98,24,906,2,2809,22
2021-08-11T07:56:00,,,,,,,,3,2809,
2021-08-12T06:02:00,,,,214,258,64,1712,1,2825,39
2021-08-12T06:02:00,,,,,,,,2,2825,
2021-08-12T06:02:00,,,,,,,,3,2825,
2021-08-12T06:55:00,,,,,,,,1,2825,
2021-08-12T06:55:00,,,,,,,,2,2825,
2021-08-12T06:55:00,,,,110,138,34,1098,3,2825,25
2021-08-12T07:26:00,,,,,,,,1,2825,
2021-08-12T07:26:00,,,,74,98,24,906,2,2825,22
2021-08-12T07:26:00,,,,,,,,3,2825,
2021-08-13T05:17:00,,,,220,264,66,1756,1,2811,40
2021-08-13T05:17:00,,,,,,,,2,2811,
2021-08-13T05:17:00,,,,,,,,3,2811,
2021-08-13T06:31:00,,,,,,,,1,2811,
2021-08-13T06:31:00,,,,,,,,2,2811,
2021-08-13T06:31:00,,,,110,138,34,1098,3,2811,25
2021-08-13T07:32:00,,,,,,,,1,2811,
2021-08-13T07:32:00,,,,74,98,24,906,2,2811,22
2021-08-13T07:32:00,,,,,,,,3,2811,
2021-08-14T06:41:00,,,,232,278,70,1844,1,2903,42
2021-08-14T06:41:00,,,,,,,,2,2903,
2021-08-14T06:41:00,,,,,,,,3,2903,
2021-08-14T07:57:00,,,,,,,,1,2903,
2021-08-14T07:57:00,,,,,,,,2,2903,
2021-08-14T07:57:00,,,,110,138,34,1098,3,2903,25
2021-08-14T08:55:00,,,,,,,,1,2903,
2021-08-14T08:55:00,,,,74,98,24,906,2,2903,22
2021-08-14T08:55:00,,,,,,,,3,2903,
2021-08-15T05:17:00,,,,232,278,70,1844,1,2871,42
2021-08-15T05:17:00,,,,,,,,2,2871,
2021-08-15T05:17:00,,,,,,,,3,2871,
2021-08-15T06:26:00,,,,,,,,1,2871,
2021-08-15T06:26:00,,,,,,,,2,2871,
2021-08-15T06:26:00,,,,110,138,34,1098,3,2871,25
2021-08-15T06:59:00,,,,,,,,1,2871,
2021-08-15T06:59:00,,,,74,98,24,906,2,2871,22
2021-08-15T06:59:00,,,,,,,,3,2871,
2021-08-16T07:24:00,,,,,,,,1,2876,
2021-08-16T07:24:00,,,,,,,,2,2876,
2021-08-16T07:24:00,,,,110,138,34,1098,3,2876,25
2021-08-16T06:22:00,,,,232,278,70,1844,1,2876,42
2021-08-16T06:22:00,,,,,,,,2,2876,
2021-08-16T06:22:00,,,,,,,,3,2876,
2021-08-16T07:54:00,,,,,,,,1,2876,
2021-08-16T07:54:00,,,,74,98,24,906,2,2876,22
2021-08-16T07:54:00,,,,,,,,3,2876,
2021-08-17T06:19:00,,,,232,278,70,1844,1,2648,42
2021-08-17T06:19:00,,,,,,,,2,2648,
2021-08-17T06:19:00,,,,,,,,3,2648,
2021-08-17T07:27:00,,,,,,,,1,2648,
2021-08-17T07:27:00,,,,,,,,2,2648,
2021-08-17T07:27:00,,,,110,138,34,1098,3,2648,25
2021-08-17T08:04:00,,,,,,,,1,2648,
2021-08-17T08:04:00,,,,74,98,24,906,2,2648,22
2021-08-17T08:04:00,,,,,,,,3,2648,
2021-08-18T06:11:00,,,,232,278,70,1844,1,2691.2,42
2021-08-18T06:11:00,,,,,,,,2,2691.2,
2021-08-18T06:11:00,,,,,,,,3,2691.2,
2021-08-18T07:28:00,,,,,,,,1,2691.2,
2021-08-18T07:28:00,,,,,,,,2,2691.2,
2021-08-18T07:28:00,,,,110,138,34,1098,3,2691.2,25
2021-08-18T07:51:00,,,,,,,,1,2691.2,
2021-08-18T07:51:00,,,,74,98,24,906,2,2691.2,22
2021-08-18T07:51:00,,,,,,,,3,2691.2,
2021-08-19T06:20:00,,,,232,278,70,1844,1,2674,42
2021-08-19T06:20:00,,,,,,,,2,2674,
2021-08-19T06:20:00,,,,,,,,3,2674,
2021-08-19T07:15:00,,,,,,,,1,2674,
2021-08-19T07:15:00,,,,,,,,2,2674,
2021-08-19T07:15:00,,,,110,138,34,1098,3,2674,25
2021-08-19T07:47:00,,,,,,,,1,2674,
2021-08-19T07:47:00,,,,74,98,24,906,2,2674,22
2021-08-19T07:47:00,,,,,,,,3,2674,
2021-08-20T06:18:00,,,,232,278,70,1844,1,2601,42
2021-08-20T06:18:00,,,,,,,,2,2601,
2021-08-20T06:18:00,,,,,,,,3,2601,
2021-08-20T07:01:00,,,,,,,,1,2601,
2021-08-20T07:01:00,,,,,,,,2,2601,
2021-08-20T07:01:00,,,,110,138,34,1098,3,2601,25
2021-08-20T07:22:00,,,,,,,,1,2601,
2021-08-20T07:22:00,,,,74,98,24,906,2,2601,22
2021-08-20T07:22:00,,,,,,,,3,2601,
2021-08-21T06:32:00,,,,,,,,1,2514,
2021-08-21T06:32:00,,,,74,98,24,906,2,2514,22
2021-08-21T06:32:00,,,,,,,,3,2514,
2021-08-21T05:23:00,,,,232,278,70,1844,1,2514,42
2021-08-21T05:23:00,,,,,,,,2,2514,
2021-08-21T05:23:00,,,,,,,,3,2514,
2021-08-21T06:54:00,,,,,,,,1,2514,
2021-08-21T06:54:00,,,,,,,,2,2514,
2021-08-21T06:54:00,,,,110,138,34,1098,3,2514,25
2021-08-22T07:00:00,,,,232,278,70,1844,1,2703,42
2021-08-22T07:00:00,,,,,,,,2,2703,
2021-08-22T07:00:00,,,,,,,,3,2703,
2021-08-22T07:44:00,,,,,,,,1,2703,
2021-08-22T07:44:00,,,,,,,,2,2703,
2021-08-22T07:44:00,,,,110,138,34,1098,3,2703,25
2021-08-22T08:16:00,,,,,,,,1,2703,
2021-08-22T08:16:00,,,,74,98,24,906,2,2703,22
2021-08-22T08:16:00,,,,,,,,3,2703,
2021-08-23T06:22:00,,,,232,278,70,1844,1,2611,42
2021-08-23T06:22:00,,,,,,,,2,2611,
2021-08-23T06:22:00,,,,,,,,3,2611,
2021-08-23T07:15:00,,,,,,,,1,2611,
2021-08-23T07:15:00,,,,,,,,2,2611,
2021-08-23T07:15:00,,,,110,138,34,1098,3,2611,25
2021-08-23T07:38:00,,,,,,,,1,2611,
2021-08-23T07:38:00,,,,74,98,24,906,2,2611,22
2021-08-23T07:38:00,,,,,,,,3,2611,
2021-08-24T06:14:00,,,,232,278,70,1844,1,2731,42
2021-08-24T06:14:00,,,,,,,,2,2731,
2021-08-24T06:14:00,,,,,,,,3,2731,
2021-08-24T07:13:00,,,,,,,,1,2731,
2021-08-24T07:13:00,,,,,,,,2,2731,
2021-08-24T07:13:00,,,,110,138,34,1098,3,2731,25
2021-08-24T07:38:00,,,,,,,,1,2731,
2021-08-24T07:38:00,,,,74,98,24,906,2,2731,22
2021-08-24T07:38:00,,,,,,,,3,2731,
2021-08-25T06:18:00,,,,232,278,70,1844,1,2569,42
2021-08-25T06:18:00,,,,,,,,2,2569,
2021-08-25T06:18:00,,,,,,,,3,2569,
2021-08-25T06:59:00,,,,,,,,1,2569,
2021-08-25T06:59:00,,,,,,,,2,2569,
2021-08-25T06:59:00,,,,110,138,34,1098,3,2569,25
2021-08-25T07:21:00,,,,,,,,1,2569,
2021-08-25T07:21:00,,,,74,98,24,906,2,2569,22
2021-08-25T07:21:00,,,,,,,,3,2569,
2021-08-26T06:11:00,,,,232,278,70,1844,1,2685,42
2021-08-26T06:11:00,,,,,,,,2,2685,
2021-08-26T06:11:00,,,,,,,,3,2685,
2021-08-26T06:53:00,,,,,,,,1,2685,
2021-08-26T06:53:00,,,,,,,,2,2685,
2021-08-26T06:53:00,,,,106,132,32,1054,3,2685,24
2021-08-26T07:18:00,,,,,,,,1,2685,
2021-08-26T07:18:00,,,,76,102,26,946,2,2685,23
2021-08-26T07:18:00,,,,,,,,3,2685,
2021-08-27T05:47:00,,,,232,278,70,1844,1,2769,42
2021-08-27T05:47:00,,,,,,,,2,2769,
2021-08-27T05:47:00,,,,,,,,3,2769,
2021-08-27T06:31:00,,,,,,,,1,2769,
2021-08-27T06:31:00,,,,76,102,26,946,2,2769,23
2021-08-27T06:31:00,,,,,,,,3,2769,
2021-08-27T06:50:00,,,,,,,,1,2769,
2021-08-27T06:50:00,,,,,,,,2,2769,
2021-08-27T06:50:00,,,,106,132,32,1054,3,2769,24
2021-08-28T06:22:00,,,,232,278,70,1844,1,2597,42
2021-08-28T06:22:00,,,,,,,,2,2597,
2021-08-28T06:22:00,,,,,,,,3,2597,
2021-08-28T07:00:00,,,,,,,,1,2597,
2021-08-28T07:00:00,,,,76,102,26,946,2,2597,23
2021-08-28T07:00:00,,,,,,,,3,2597,
2021-08-28T07:24:00,,,,,,,,1,2597,
2021-08-28T07:24:00,,,,,,,,2,2597,
2021-08-28T07:24:00,,,,106,132,32,1054,3,2597,24
2021-08-30T06:42:00,,,,232,278,70,1844,1,2730,42
2021-08-30T06:42:00,,,,,,,,2,2730,
2021-08-30T06:42:00,,,,,,,,3,2730,
2021-08-30T07:33:00,,,,,,,,1,2730,
2021-08-30T07:33:00,,,,,,,,2,2730,
2021-08-30T07:33:00,,,,106,132,32,1054,3,2730,24
2021-08-30T07:58:00,,,,,,,,1,2730,
2021-08-30T07:58:00,,,,76,102,26,946,2,2730,23
2021-08-30T07:58:00,,,,,,,,3,2730,
2021-08-31T06:34:00,,,,214,258,64,1712,1,2614,39
2021-08-31T06:34:00,,,,,,,,2,2614,
2021-08-31T06:34:00,,,,,,,,3,2614,
2021-08-31T07:19:00,,,,,,,,1,2614,
2021-08-31T07:19:00,,,,,,,,2,2614,
2021-08-31T07:19:00,,,,142,176,42,1404,3,2614,32
2021-08-31T07:56:00,,,,,,,,1,2614,
2021-08-31T07:56:00,,,,54,70,18,658,2,2614,16
2021-08-31T07:56:00,,,,,,,,3,2614,
2021-09-01T06:30:00,,,,214,258,64,1456,1,2692,39
2021-09-01T06:30:00,,,,,,,,2,2692,
2021-09-01T06:30:00,,,,,,,,3,2692,
2021-09-01T07:13:00,,,,,,,,1,2692,
2021-09-01T07:13:00,,,,,,,,2,2692,
2021-09-01T07:13:00,,,,142,176,42,1404,3,2692,32
2021-09-01T07:43:00,,,,,,,,1,2692,
2021-09-01T07:43:00,,,,54,70,18,658,2,2692,16
2021-09-01T07:43:00,,,,,,,,3,2692,
2021-09-02T06:23:00,,,,214,258,64,1456,1,2728,39
2021-09-02T06:23:00,,,,,,,,2,2728,
2021-09-02T06:23:00,,,,,,,,3,2728,
2021-09-02T07:05:00,,,,,,,,1,2728,
2021-09-02T07:05:00,,,,,,,,2,2728,
2021-09-02T07:05:00,,,,142,176,42,1404,3,2728,32
2021-09-02T07:39:00,,,,,,,,1,2728,
2021-09-02T07:39:00,,,,54,70,18,658,2,2728,16
2021-09-02T07:39:00,,,,,,,,3,2728,
2021-09-03T07:24:00,86,,,214,214,44,1608,1,2651,39
2021-09-03T07:24:00,,,,,,,,2,2651,
2021-09-03T07:24:00,,,,,,,,3,2651,
2021-09-03T08:19:00,,,,,,,,1,2651,
2021-09-03T08:19:00,,,,,,,,2,2651,
2021-09-03T08:19:00,54,,,148,136,36,1228,3,2651,32
2021-09-03T09:03:00,,,,,,,,1,2651,
2021-09-03T09:03:00,18,,,54,56,56,632,2,2651,16
2021-09-03T09:03:00,,,,,,,,3,2651,
2021-09-04T05:52:00,86,,,214,214,44,1608,1,2614,39
2021-09-04T05:52:00,,,,,,,,2,2614,
2021-09-04T05:52:00,,,,,,,,3,2614,
2021-09-04T06:44:00,,,,,,,,1,2614,
2021-09-04T06:44:00,,,,,,,,2,2614,
2021-09-04T06:44:00,44,,,120,110,30,998,3,2614,26
2021-09-04T07:16:00,,,,,,,,1,2614,
2021-09-04T07:16:00,30,,,86,90,90,1028,2,2614,26
2021-09-04T07:16:00,,,,,,,,3,2614,
2021-09-05T07:17:00,80,,,198,198,40,1484,1,2824,36
2021-09-05T07:17:00,,,,,,,,2,2824,
2021-09-05T07:17:00,,,,,,,,3,2824,
2021-09-05T08:08:00,,,,,,,,1,2824,
2021-09-05T08:08:00,,,,,,,,2,2824,
2021-09-05T08:08:00,44,,,120,110,30,998,3,2824,26
2021-09-05T08:47:00,,,,,,,,1,2824,
2021-09-05T08:47:00,30,,,86,90,90,1028,2,2824,26
2021-09-05T08:47:00,,,,,,,,3,2824,
2021-09-06T05:58:00,80,,,198,198,40,1484,1,2569,36
2021-09-06T05:58:00,,,,,,,,2,2569,
2021-09-06T05:58:00,,,,,,,,3,2569,
2021-09-06T06:54:00,,,,,,,,1,2569,
2021-09-06T06:54:00,,,,,,,,2,2569,
2021-09-06T06:54:00,44,,,120,110,30,998,3,2569,26
2021-09-06T07:37:00,,,,,,,,1,2569,
2021-09-06T07:37:00,30,,,86,90,90,1028,2,2569,26
2021-09-06T07:37:00,,,,,,,,3,2569,
2021-09-07T06:00:00,80,,,198,198,40,1484,1,2780,36
2021-09-07T06:00:00,,,,,,,,2,2780,
2021-09-07T06:00:00,,,,,,,,3,2780,
2021-09-07T06:51:00,,,,,,,,1,2780,
2021-09-07T06:51:00,,,,,,,,2,2780,
2021-09-07T06:51:00,44,,,120,110,30,998,3,2780,26
2021-09-07T07:30:00,,,,,,,,1,2780,
2021-09-07T07:30:00,30,,,86,90,90,1028,2,2780,26
2021-09-07T07:30:00,,,,,,,,3,2780,
2021-09-08T06:23:00,80,,,198,198,40,1484,1,3149,36
2021-09-08T06:23:00,,,,,,,,2,3149,
2021-09-08T06:23:00,,,,,,,,3,3149,
2021-09-08T07:03:00,,,,,,,,1,3149,
2021-09-08T07:03:00,,,,,,,,2,3149,
2021-09-08T07:03:00,44,,,120,110,30,998,3,3149,26
2021-09-08T07:36:00,,,,,,,,1,3149,
2021-09-08T07:36:00,30,,,86,90,90,1028,2,3149,26
2021-09-08T07:36:00,,,,,,,,3,3149,
2021-09-09T06:20:00,80,,,198,198,40,,1,3219,36
2021-09-09T06:20:00,,,,,,,,2,3219,
2021-09-09T06:20:00,,,,,,,,3,3219,
2021-09-09T07:12:00,,,,,,,,1,3219,
2021-09-09T07:12:00,,,,,,,,2,3219,
2021-09-09T07:12:00,44,,,120,110,30,,3,3219,26
2021-09-09T07:41:00,,,,,,,,1,3219,
2021-09-09T07:41:00,30,,,86,90,90,,2,3219,26
2021-09-09T07:41:00,,,,,,,,3,3219,
2021-09-10T05:39:00,84,,,210,198,,188,1,2379,36
2021-09-10T05:39:00,,,,,,,,2,2379,
2021-09-10T05:39:00,,,,,,,,3,2379,
2021-09-10T06:23:00,,,,,,,,1,2379,
2021-09-10T06:23:00,,,,,,,,2,2379,
2021-09-10T06:23:00,44,,,122,112,,136,3,2379,26
2021-09-10T06:52:00,,,,,,,,1,2379,
2021-09-10T06:52:00,32,,,92,94,,108,2,2379,26
2021-09-10T06:52:00,,,,,,,,3,2379,
2021-09-11T06:41:00,86,,,216,204,,192,1,2839,37
2021-09-11T06:41:00,,,,,,,,2,2839,
2021-09-11T06:41:00,,,,,,,,3,2839,
2021-09-11T07:37:00,,,,,,,,1,2839,
2021-09-11T07:37:00,,,,,,,,2,2839,
2021-09-11T07:37:00,44,,,122,112,,136,3,2839,26
2021-09-11T08:27:00,,,,,,,,1,2839,
2021-09-11T08:27:00,32,,,92,94,,108,2,2839,26
2021-09-11T08:27:00,,,,,,,,3,2839,
2021-09-12T05:33:00,86,,,216,204,,192,1,2978,37
2021-09-12T05:33:00,,,,,,,,2,2978,
2021-09-12T05:33:00,,,,,,,,3,2978,
2021-09-12T06:21:00,,,,,,,,1,2978,
2021-09-12T06:21:00,32,,,92,94,,108,2,2978,26
2021-09-12T06:21:00,,,,,,,,3,2978,
2021-09-12T06:48:00,,,,,,,,1,2978,
2021-09-12T06:48:00,,,,,,,,2,2978,
2021-09-12T06:48:00,44,,,122,112,,136,3,2978,26
2021-09-13T06:59:00,86,,,216,204,,192,1,2980.3,37
2021-09-13T06:59:00,,,,,,,,2,2980.3,
2021-09-13T06:59:00,,,,,,,,3,2980.3,
2021-09-13T07:33:00,,,,,,,,1,2980.3,
2021-09-13T07:33:00,,,,,,,,2,2980.3,
2021-09-13T07:33:00,44,,,122,112,,136,3,2980.3,26
2021-09-13T08:08:00,,,,,,,,1,2980.3,
2021-09-13T08:08:00,32,,,92,94,,108,2,2980.3,26
2021-09-13T08:08:00,,,,,,,,3,2980.3,
2021-09-14T06:40:00,88,,,220,210,,198,1,2842,38
2021-09-14T06:40:00,,,,,,,,2,2842,
2021-09-14T06:40:00,,,,,,,,3,2842,
2021-09-14T07:31:00,,,,,,,,1,2842,
2021-09-14T07:31:00,,,,,,,,2,2842,
2021-09-14T07:31:00,44,,,122,112,,136,3,2842,26
2021-09-14T08:06:00,,,,,,,,1,2842,
2021-09-14T08:06:00,32,,,92,94,,108,2,2842,26
2021-09-14T08:06:00,,,,,,,,3,2842,
2021-09-15T06:31:00,88,,,220,210,,198,1,2978,38
2021-09-15T06:31:00,,,,,,,,2,2978,
2021-09-15T06:31:00,,,,,,,,3,2978,
2021-09-15T07:17:00,,,,,,,,1,2978,
2021-09-15T07:17:00,,,,,,,,2,2978,
2021-09-15T07:17:00,44,,,122,112,,136,3,2978,26
2021-09-15T07:56:00,,,,,,,,1,2978,
2021-09-15T07:56:00,32,,,92,94,,,2,2978,26
2021-09-15T07:56:00,,,,,,,,3,2978,
2021-09-16T06:23:00,90,,,226,214,,204,1,2829,39
2021-09-16T06:23:00,,,,,,,,2,2829,
2021-09-16T06:23:00,,,,,,,,3,2829,
2021-09-16T07:26:00,,,,,,,,1,2829,
2021-09-16T07:26:00,,,,,,,,2,2829,
2021-09-16T07:26:00,44,,,122,112,,136,3,2829,26
2021-09-16T08:08:00,,,,,,,,1,2829,
2021-09-16T08:08:00,32,,,92,94,,108,2,2829,26
2021-09-16T08:08:00,,,,,,,,3,2829,
2021-09-16T08:46:00,,,,,,,,1,2829,
2021-09-16T08:46:00,,,,,94,,,2,2829,26
2021-09-16T08:46:00,,,,,,,,3,2829,
2021-09-17T05:22:00,,,,,,,,1,2903,
2021-09-17T05:22:00,32,,,92,94,,108,2,2903,26
2021-09-17T05:22:00,,,,,,,,3,2903,
2021-09-17T06:12:00,,,,,,,,1,2903,
2021-09-17T06:12:00,,,,,,,,2,2903,
2021-09-17T06:12:00,44,,,122,112,,136,3,2903,26
2021-09-17T06:58:00,90,,,226,214,,204,1,2903,39
2021-09-17T06:58:00,,,,,,,,2,2903,
2021-09-17T06:58:00,,,,,,,,3,2903,
2021-09-18T05:32:00,90,,,226,214,,204,1,2912,39
2021-09-18T05:32:00,,,,,,,,2,2912,
2021-09-18T05:32:00,,,,,,,,3,2912,
2021-09-18T06:37:00,,,,,,,,1,2912,
2021-09-18T06:37:00,,,,,,,,2,2912,
2021-09-18T06:37:00,48,,,128,116,,142,3,2912,26
2021-09-18T07:08:00,,,,,,,,1,2912,
2021-09-18T07:08:00,32,,,92,94,,108,2,2912,26
2021-09-18T07:08:00,,,,,,,,3,2912,
2021-09-19T05:28:00,,,,,,,,1,2927,
2021-09-19T05:28:00,32,,,94,98,,110,2,2927,26
2021-09-19T05:28:00,,,,,,,,3,2927,
2021-09-19T06:32:00,90,,,226,214,,204,1,2927,39
2021-09-19T06:32:00,,,,,,,,2,2927,
2021-09-19T06:32:00,,,,,,,,3,2927,
2021-09-19T07:34:00,,,,,,,,1,2927,
2021-09-19T07:34:00,,,,,,,,2,2927,
2021-09-19T07:34:00,48,,,128,116,,142,3,2927,26
2021-09-20T06:01:00,,,,,,,,1,2802,
2021-09-20T06:01:00,,,,,98,,,2,2802,26
2021-09-20T06:01:00,,,,,,,,3,2802,
2021-09-20T06:04:00,90,,,226,214,,204,1,2802,39
2021-09-20T06:04:00,,,,,,,,2,2802,
2021-09-20T06:04:00,,,,,,,,3,2802,
2021-09-20T07:13:00,,,,,,,,1,2802,
2021-09-20T07:13:00,,,,,,,,2,2802,
2021-09-20T07:13:00,48,,,128,116,,142,3,2802,26
2021-09-20T08:01:00,,,,,,,,1,2802,
2021-09-20T08:01:00,32,,,94,98,,110,2,2802,26
2021-09-20T08:01:00,,,,,,,,3,2802,
2021-09-21T06:17:00,90,,,226,214,,204,1,2774,39
2021-09-21T06:17:00,,,,,,,,2,2774,
2021-09-21T06:17:00,,,,,,,,3,2774,
2021-09-21T07:19:00,,,,,,,,1,2774,
2021-09-21T07:19:00,,,,,,,,2,2774,
2021-09-21T07:19:00,48,,,128,116,,142,3,2774,26
2021-09-21T08:12:00,,,,,,,,1,2774,
2021-09-21T08:12:00,32,,,94,98,,110,2,2774,26
2021-09-21T08:12:00,,,,,,,,3,2774,
2021-09-22T06:23:00,92,,,232,220,,208,1,2881.1,40
2021-09-22T06:23:00,,,,,,,,2,2881.1,
2021-09-22T06:23:00,,,,,,,,3,2881.1,
2021-09-22T07:34:00,,,,,,,,1,2881.1,
2021-09-22T07:34:00,,,,,,,,2,2881.1,
2021-09-22T07:34:00,42,,,114,102,,126,3,2881.1,23
2021-09-22T08:40:00,,,,,,,,1,2881.1,
2021-09-22T08:40:00,30,,,90,94,,106,2,2881.1,25
2021-09-22T08:40:00,,,,,,,,3,2881.1,
2021-09-23T06:16:00,92,,,232,220,,208,1,2787,40
2021-09-23T06:16:00,,,,,,,,2,2787,
2021-09-23T06:16:00,,,,,,,,3,2787,
2021-09-23T08:13:00,,,,,,,,1,2787,
2021-09-23T08:13:00,30,,,90,94,,106,2,2787,25
2021-09-23T08:13:00,,,,,,,,3,2787,
2021-09-23T07:30:00,,,,,,,,1,2787,
2021-09-23T07:30:00,,,,,,,,2,2787,
2021-09-23T07:30:00,42,,,114,102,,126,3,2787,23
2021-09-24T05:31:00,92,,,232,220,,208,1,2685,40
2021-09-24T05:31:00,,,,,,,,2,2685,
2021-09-24T05:31:00,,,,,,,,3,2685,
2021-09-24T06:21:00,,,,,,,,1,2685,
2021-09-24T06:21:00,,,,,,,,2,2685,
2021-09-24T06:21:00,42,,,114,102,,126,3,2685,23
2021-09-24T06:59:00,,,,,,,,1,2685,
2021-09-24T06:59:00,30,,,90,94,,106,2,2685,25
2021-09-24T06:59:00,,,,,,,,3,2685,
2021-09-25T05:32:00,,,,,,,,1,2992,
2021-09-25T05:32:00,30,,,90,94,,106,2,2992,25
2021-09-25T05:32:00,,,,,,,,3,2992,
2021-09-25T07:01:00,,,,,,,,1,2992,
2021-09-25T07:01:00,,,,,,,,2,2992,
2021-09-25T07:01:00,42,,,114,102,,126,3,2992,23
2021-09-25T08:03:00,98,,,244,232,,218,1,2992,42
2021-09-25T08:03:00,,,,,,,,2,2992,
2021-09-25T08:03:00,,,,,,,,3,2992,
2021-09-26T05:42:00,98,,,244,232,,218,1,2721,42
2021-09-26T05:42:00,,,,,,,,2,2721,
2021-09-26T05:42:00,,,,,,,,3,2721,
2021-09-26T06:28:00,,,,,,,,1,2721,
2021-09-26T06:28:00,,,,,,,,2,2721,
2021-09-26T06:28:00,42,,,114,102,,126,3,2721,23
2021-09-26T07:03:00,,,,,,,,1,2721,
2021-09-26T07:03:00,30,,,90,94,,106,2,2721,25
2021-09-26T07:03:00,,,,,,,,3,2721,
2021-09-27T06:38:00,98,,,244,232,,218,1,2989,42
2021-09-27T06:38:00,,,,,,,,2,2989,
2021-09-27T06:38:00,,,,,,,,3,2989,
2021-09-27T07:50:00,,,,,,,,1,2989,
2021-09-27T07:50:00,,,,,,,,2,2989,
2021-09-27T07:50:00,42,,,114,102,,126,3,2989,23
2021-09-27T08:32:00,,,,,,,,1,2989,
2021-09-27T08:32:00,30,,,90,94,,106,2,2989,25
2021-09-27T08:32:00,,,,,,,,3,2989,
2021-09-28T06:09:00,102,,,234,252,,228,1,2655,42
2021-09-28T06:09:00,,,,,,,,2,2655,
2021-09-28T06:09:00,,,,,,,,3,2655,
2021-09-28T07:10:00,,,,,,,,1,2655,
2021-09-28T07:10:00,,,,,,,,2,2655,
2021-09-28T07:10:00,42,,,114,102,,126,3,2655,23
2021-09-28T07:56:00,,,,,,,,1,2655,
2021-09-28T07:56:00,30,,,90,94,,106,2,2655,25
2021-09-28T07:56:00,,,,,,,,3,2655,
2021-09-29T06:06:00,102,,,234,252,,228,1,2992,42
2021-09-29T06:06:00,,,,,,,,2,2992,
2021-09-29T06:06:00,,,,,,,,3,2992,
2021-09-29T07:23:00,,,,,,,,1,2992,
2021-09-29T07:23:00,,,,,,,,2,2992,
2021-09-29T07:23:00,42,,,114,102,,126,3,2992,23
2021-09-29T08:23:00,,,,,,,,1,2992,
2021-09-29T08:23:00,30,,,90,94,,1046,2,2992,25
2021-09-29T08:23:00,,,,,,,,3,2992,
2021-09-30T06:25:00,102,,,234,252,,1790,1,2793,42
2021-09-30T06:25:00,,,,,,,,2,2793,
2021-09-30T06:25:00,,,,,,,,3,2793,
2021-09-30T07:59:00,,,,,,,,1,2793,
2021-09-30T07:59:00,,,,,,,,2,2793,
2021-09-30T07:59:00,44,,,120,108,,958,3,2793,23
2021-09-30T08:50:00,,,,,,,,1,2793,
2021-09-30T08:50:00,32,,,94,98,,1072,2,2793,25
2021-09-30T08:50:00,,,,,,,,3,2793,
2021-10-01T06:33:00,,,,,,,,1,2802,
2021-10-01T06:33:00,,,,,,,,2,2802,
2021-10-01T06:33:00,44,,,120,108,,958,3,2802,23
2021-10-02T06:16:00,,,,,,,,1,3003.94,
2021-10-02T06:16:00,,,,,,,,2,3003.94,
2021-10-02T06:16:00,44,,,120,108,,958,3,3003.94,23
2021-10-03T05:54:00,,,,,,,,1,2892,
2021-10-03T05:54:00,,,,,,,,2,2892,
2021-10-03T05:54:00,44,,,120,108,,958,3,2892,23
2021-10-04T07:32:00,,,,,,,,1,2770,
2021-10-04T07:32:00,,,,,,,,2,2770,
2021-10-04T07:32:00,44,,,120,108,,958,3,2770,23
2021-10-05T07:40:00,,,,,,,,1,2840,
2021-10-05T07:40:00,,,,,,,,2,2840,
2021-10-05T07:40:00,44,,,120,108,,958,3,2840,23
2021-10-06T07:06:00,,,,,,,,1,2689,
2021-10-06T07:06:00,,,,,,,,2,2689,
2021-10-06T07:06:00,44,,,120,108,,958,3,2689,23
2021-10-07T07:04:00,,,,,,,,1,2943,
2021-10-07T07:04:00,,,,,,,,2,2943,
2021-10-07T07:04:00,36,,,98,90,,790,3,2943,19
2021-10-08T06:56:00,,,,,,,,1,2808,
2021-10-08T06:56:00,,,,,,,,2,2808,
2021-10-08T06:56:00,36,,,98,90,,790,3,2808,19
2021-10-09T06:07:00,,,,,,,,1,2963,
2021-10-09T06:07:00,,,,,,,,2,2963,
2021-10-09T06:07:00,36,,,98,90,,790,3,2963,19
2021-10-10T06:40:00,,,,,,,,1,2778,
2021-10-10T06:40:00,,,,,,,,2,2778,
2021-10-10T06:40:00,36,,,98,90,,790,3,2778,19
2021-10-11T08:11:00,,,,,,,,1,2910,
2021-10-11T08:11:00,,,,,,,,2,2910,
2021-10-11T08:11:00,36,,,98,90,,790,3,2910,19
2021-10-12T06:39:00,,,,,,,,1,2813,
2021-10-12T06:39:00,,,,,,,,2,2813,
2021-10-12T06:39:00,36,,,98,90,,790,3,2813,19
2021-10-13T07:46:00,,,,,,,,1,3078.1,
2021-10-13T07:46:00,,,,,,,,2,3078.1,
2021-10-13T07:46:00,36,,,98,90,,790,3,3078.1,19
2021-10-14T06:41:00,,,,,,,,1,2865,
2021-10-14T06:41:00,,,,,,,,2,2865,
2021-10-14T06:41:00,36,,,98,90,,790,3,2865,19
2021-10-15T06:38:00,,,,,,,,1,2975,
2021-10-15T06:38:00,,,,,,,,2,2975,
2021-10-15T06:38:00,38,,,102,92,,816,3,2975,19
2021-10-16T06:35:00,,,,,,,,1,2953,
2021-10-16T06:35:00,,,,,,,,2,2953,
2021-10-16T06:35:00,38,,,102,92,,816,3,2953,19
2021-10-17T07:29:00,,,,,,,,1,3063,
2021-10-17T07:29:00,,,,,,,,2,3063,
2021-10-17T07:29:00,38,,,102,92,,816,3,3063,19
2021-10-18T07:30:00,,,,,,,,1,2834,
2021-10-18T07:30:00,,,,,,,,2,2834,
2021-10-18T07:30:00,38,,,102,92,,816,3,2834,19
2021-10-19T07:25:00,,,,,,,,1,3016,
2021-10-19T07:25:00,,,,,,,,2,3016,
2021-10-19T07:25:00,38,,,102,92,,816,3,3016,19
2021-10-20T07:41:00,,,,,,,,1,3107.4,
2021-10-20T07:41:00,,,,,,,,2,3107.4,
2021-10-20T07:41:00,38,,,102,92,,816,3,3107.4,19
2021-10-21T07:05:00,,,,,,,,1,2988,
2021-10-21T07:05:00,,,,,,,,2,2988,
2021-10-21T07:05:00,38,,,102,92,,816,3,2988,19
2021-10-22T06:21:00,,,,,,,,1,3035,
2021-10-22T06:21:00,,,,,,,,2,3035,
2021-10-22T06:21:00,38,,,102,92,,816,3,3035,19
2021-10-23T07:12:00,,,,,,,,1,3134,
2021-10-23T07:12:00,,,,,,,,2,3134,
2021-10-23T07:12:00,42,,,112,102,,902,3,3134,21
2021-10-24T06:41:00,,,,,,,,1,3104,
2021-10-24T06:41:00,,,,,,,,2,3104,
2021-10-24T06:41:00,42,,,112,102,,902,3,3104,21
2021-10-25T07:15:00,,,,,,,,1,3158,
2021-10-25T07:15:00,,,,,,,,2,3158,
2021-10-25T07:15:00,42,,,112,102,,902,3,3158,21
2021-10-26T07:16:00,,,,,,,,1,2953,
2021-10-26T07:16:00,,,,,,,,2,2953,
2021-10-26T07:16:00,42,,,112,102,,902,3,2953,21
2021-10-27T07:02:00,,,,,,,,1,2850,
2021-10-27T07:02:00,,,,,,,,2,2850,
2021-10-27T07:02:00,42,,,112,102,,902,3,2850,21
2021-10-28T07:21:00,,,,,,,,1,2978,
2021-10-28T07:21:00,,,,,,,,2,2978,
2021-10-28T07:21:00,42,,,112,102,,902,3,2978,21
2021-10-29T07:22:00,,,,,,,,1,2823,
2021-10-29T07:22:00,,,,,,,,2,2823,
2021-10-29T07:22:00,42,,,112,102,,902,3,2823,21
2021-10-30T06:24:00,,,,,,,,1,2943,
2021-10-30T06:24:00,,,,,,,,2,2943,
2021-10-30T06:24:00,42,,,112,102,,902,3,2943,21
2021-10-31T06:48:00,,,,,,,,1,3154.4,
2021-10-31T06:48:00,,,,,,,,2,3154.4,
2021-10-31T06:48:00,42,,,112,102,,902,3,3154.4,21
2021-10-01T07:57:00,,,,,,,,1,2802,
2021-10-01T07:57:00,32,,,94,98,,1072,2,2802,25
2021-10-01T07:57:00,,,,,,,,3,2802,
2021-10-02T06:55:00,,,,,,,,1,3003.94,
2021-10-02T06:55:00,32,,,94,98,,1072,2,3003.94,25
2021-10-02T06:55:00,,,,,,,,3,3003.94,
2021-10-03T05:19:00,,,,,,,,1,2892,
2021-10-03T05:19:00,32,,,94,98,,1072,2,2892,25
2021-10-03T05:19:00,,,,,,,,3,2892,
2021-10-04T08:21:00,,,,,,,,1,2770,
2021-10-04T08:21:00,32,,,96,100,,1088,2,2770,25
2021-10-04T08:21:00,,,,,,,,3,2770,
2021-10-05T08:42:00,,,,,,,,1,2840,
2021-10-05T08:42:00,32,,,96,100,,1088,2,2840,25
2021-10-05T08:42:00,,,,,,,,3,2840,
2021-10-06T07:55:00,,,,,,,,1,2689,
2021-10-06T07:55:00,32,,,98,102,,1106,2,2689,25
2021-10-06T07:55:00,,,,,,,,3,2689,
2021-10-07T07:52:00,,,,,,,,1,2943,
2021-10-07T07:52:00,38,,,114,118,,1282,2,2943,29
2021-10-07T07:52:00,,,,,,,,3,2943,
2021-10-08T07:42:00,,,,,,,,1,2808,
2021-10-08T07:42:00,38,,,114,118,,1282,2,2808,29
2021-10-08T07:42:00,,,,,,,,3,2808,
2021-10-09T06:52:00,,,,,,,,1,2963,
2021-10-09T06:52:00,38,,,114,118,,1282,2,2963,29
2021-10-09T06:52:00,,,,,,,,3,2963,
2021-10-10T07:21:00,,,,,,,,1,2778,
2021-10-10T07:21:00,38,,,114,118,,1282,2,2778,29
2021-10-10T07:21:00,,,,,,,,3,2778,
2021-10-11T09:22:00,,,,,,,,1,2910,
2021-10-11T09:22:00,38,,,114,118,,1282,2,2910,29
2021-10-11T09:22:00,,,,,,,,3,2910,
2021-10-12T07:47:00,,,,,,,,1,2813,
2021-10-12T07:47:00,38,,,114,118,,1282,2,2813,29
2021-10-12T07:47:00,,,,,,,,3,2813,
2021-10-13T08:39:00,,,,,,,,1,3078.1,
2021-10-13T08:39:00,38,,,114,118,,1282,2,3078.1,29
2021-10-13T08:39:00,,,,,,,,3,3078.1,
2021-10-14T07:47:00,,,,,,,,1,2865,
2021-10-14T07:47:00,38,,,114,118,,1282,2,2865,29
2021-10-14T07:47:00,,,,,,,,3,2865,
2021-10-15T07:28:00,,,,,,,,1,2975,
2021-10-15T07:28:00,38,,,114,118,,1282,2,2975,29
2021-10-15T07:28:00,,,,,,,,3,2975,
2021-10-16T07:09:00,,,,,,,,1,2953,
2021-10-16T07:09:00,38,,,114,118,,1282,2,2953,29
2021-10-16T07:09:00,,,,,,,,3,2953,
2021-10-17T08:13:00,,,,,,,,1,3063,
2021-10-17T08:13:00,38,,,114,118,,1282,2,3063,29
2021-10-17T08:13:00,,,,,,,,3,3063,
2021-10-18T08:11:00,,,,,,,,1,2834,
2021-10-18T08:11:00,38,,,114,118,,1282,2,2834,29
2021-10-18T08:11:00,,,,,,,,3,2834,
2021-10-19T08:16:00,,,,,,,,1,3016,
2021-10-19T08:16:00,38,,,114,116,,1276,2,3016,28
2021-10-19T08:16:00,,,,,,,,3,3016,
2021-10-20T08:27:00,,,,,,,,1,3107.4,
2021-10-20T08:27:00,38,,,114,116,,1276,2,3107.4,28
2021-10-20T08:27:00,,,,,,,,3,3107.4,
2021-10-21T06:12:00,,,,,,,,1,2988,
2021-10-21T06:12:00,32,,,92,96,,1048,2,2988,23
2021-10-21T06:12:00,,,,,,,,3,2988,
2021-10-22T05:22:00,,,,,,,,1,3035,
2021-10-22T05:22:00,40,,,118,122,,1322,2,3035,29
2021-10-22T05:22:00,,,,,,,,3,3035,
2021-10-23T07:44:00,,,,,,,,1,3134,
2021-10-23T07:44:00,36,,,106,108,,1186,2,3134,26
2021-10-23T07:44:00,,,,,,,,3,3134,
2021-10-24T05:03:00,,,,,,,,1,3104,
2021-10-24T05:03:00,36,,,106,108,,1186,2,3104,26
2021-10-24T05:03:00,,,,,,,,3,3104,
2021-10-25T07:50:00,,,,,,,,1,3158,
2021-10-25T07:50:00,36,,,106,108,,1186,2,3158,26
2021-10-25T07:50:00,,,,,,,,3,3158,
2021-10-26T07:54:00,,,,,,,,1,2953,
2021-10-26T07:54:00,36,,,110,112,,1232,2,2953,27
2021-10-26T07:54:00,,,,,,,,3,2953,
2021-10-27T07:30:00,,,,,,,,1,2850,
2021-10-27T07:30:00,36,,,110,112,,1232,2,2850,27
2021-10-27T07:30:00,,,,,,,,3,2850,
2021-10-28T07:49:00,,,,,,,,1,2978,
2021-10-28T07:49:00,36,,,110,112,,1232,2,2978,27
2021-10-28T07:49:00,,,,,,,,3,2978,
2021-10-29T08:05:00,,,,,,,,1,2823,
2021-10-29T08:05:00,36,,,110,112,,1232,2,2823,27
2021-10-29T08:05:00,,,,,,,,3,2823,
2021-10-30T06:54:00,,,,,,,,1,2943,
2021-10-30T06:54:00,36,,,110,112,,1232,2,2943,27
2021-10-30T06:54:00,,,,,,,,3,2943,
2021-10-31T07:17:00,,,,,,,,1,3154.4,
2021-10-31T07:17:00,36,,,110,112,,1232,2,3154.4,27
2021-10-31T07:17:00,,,,,,,,3,3154.4,
2021-10-01T05:23:00,102,,,234,252,,1790,1,2802,42
2021-10-01T05:23:00,,,,,,,,2,2802,
2021-10-01T05:23:00,,,,,,,,3,2802,
2021-10-02T05:29:00,102,,,234,252,,1790,1,3003.94,42
2021-10-02T05:29:00,,,,,,,,2,3003.94,
2021-10-02T05:29:00,,,,,,,,3,3003.94,
2021-10-03T06:35:00,102,,,234,252,,1790,1,2892,42
2021-10-03T06:35:00,,,,,,,,2,2892,
2021-10-03T06:35:00,,,,,,,,3,2892,
2021-10-04T06:18:00,102,,,234,252,,1790,1,2770,42
2021-10-04T06:18:00,,,,,,,,2,2770,
2021-10-04T06:18:00,,,,,,,,3,2770,
2021-10-05T06:16:00,102,,,234,252,,1790,1,2840,42
2021-10-05T06:16:00,,,,,,,,2,2840,
2021-10-05T06:16:00,,,,,,,,3,2840,
2021-10-06T06:03:00,102,,,234,252,,1790,1,2689,42
2021-10-06T06:03:00,,,,,,,,2,2689,
2021-10-06T06:03:00,,,,,,,,3,2689,
2021-10-07T05:53:00,98,,,230,246,,1746,1,2943,41
2021-10-07T05:53:00,,,,,,,,2,2943,
2021-10-07T05:53:00,,,,,,,,3,2943,
2021-10-08T05:14:00,98,,,230,246,,1746,1,2808,41
2021-10-08T05:14:00,,,,,,,,2,2808,
2021-10-08T05:14:00,,,,,,,,3,2808,
2021-10-09T05:15:00,98,,,230,246,,1746,1,2963,41
2021-10-09T05:15:00,,,,,,,,2,2963,
2021-10-09T05:15:00,,,,,,,,3,2963,
2021-10-10T05:35:00,98,,,230,246,,1746,1,2778,41
2021-10-10T05:35:00,,,,,,,,2,2778,
2021-10-10T05:35:00,,,,,,,,3,2778,
2021-10-11T06:50:00,98,,,230,246,,1746,1,2910,41
2021-10-11T06:50:00,,,,,,,,2,2910,
2021-10-11T06:50:00,,,,,,,,3,2910,
2021-10-12T05:24:00,98,,,230,246,,1746,1,2813,41
2021-10-12T05:24:00,,,,,,,,2,2813,
2021-10-12T05:24:00,,,,,,,,3,2813,
2021-10-13T06:18:00,98,,,230,246,,1746,1,3078.1,41
2021-10-13T06:18:00,,,,,,,,2,3078.1,
2021-10-13T06:18:00,,,,,,,,3,3078.1,
2021-10-14T05:42:00,102,,,234,252,,1790,1,2865,42
2021-10-14T05:42:00,,,,,,,,2,2865,
2021-10-14T05:42:00,,,,,,,,3,2865,
2021-10-15T05:19:00,104,,,260,250,,1848,1,2975,42
2021-10-15T05:19:00,,,,,,,,2,2975,
2021-10-15T05:19:00,,,,,,,,3,2975,
2021-10-16T05:16:00,104,,,260,250,,1848,1,2953,42
2021-10-16T05:16:00,,,,,,,,2,2953,
2021-10-16T05:16:00,,,,,,,,3,2953,
2021-10-17T06:25:00,104,,,260,250,,1848,1,3063,42
2021-10-17T06:25:00,,,,,,,,2,3063,
2021-10-17T06:25:00,,,,,,,,3,3063,
2021-10-18T06:08:00,110,,,274,262,,1936,1,2834,44
2021-10-18T06:08:00,,,,,,,,2,2834,
2021-10-18T06:08:00,,,,,,,,3,2834,
2021-10-20T06:33:00,110,,,274,262,,1936,1,3107.4,44
2021-10-20T06:33:00,,,,,,,,2,3107.4,
2021-10-20T06:33:00,,,,,,,,3,3107.4,
2021-10-19T06:13:00,110,,,274,262,,1936,1,3016,44
2021-10-19T06:13:00,,,,,,,,2,3016,
2021-10-19T06:13:00,,,,,,,,3,3016,
2021-10-21T07:52:00,108,,,268,256,,1892,1,2988,43
2021-10-21T07:52:00,,,,,,,,2,2988,
2021-10-21T07:52:00,,,,,,,,3,2988,
2021-10-22T07:16:00,108,,,268,256,,1892,1,3035,43
2021-10-22T07:16:00,,,,,,,,2,3035,
2021-10-22T07:16:00,,,,,,,,3,3035,
2021-10-23T06:30:00,108,,,268,256,,1892,1,3134,43
2021-10-23T06:30:00,,,,,,,,2,3134,
2021-10-23T06:30:00,,,,,,,,3,3134,
2021-10-24T05:58:00,108,,,268,256,,1892,1,3104,43
2021-10-24T05:58:00,,,,,,,,2,3104,
2021-10-24T05:58:00,,,,,,,,3,3104,
2021-10-25T06:18:00,108,,,268,256,,1892,1,3158,43
2021-10-25T06:18:00,,,,,,,,2,3158,
2021-10-25T06:18:00,,,,,,,,3,3158,
2021-10-26T06:05:00,108,,,268,256,,1892,1,2953,43
2021-10-26T06:05:00,,,,,,,,2,2953,
2021-10-26T06:05:00,,,,,,,,3,2953,
2021-10-27T06:05:00,108,,,268,256,,1892,1,2850,43
2021-10-27T06:05:00,,,,,,,,2,2850,
2021-10-27T06:05:00,,,,,,,,3,2850,
2021-10-28T06:20:00,108,,,268,256,,1892,1,2978,43
2021-10-28T06:20:00,,,,,,,,2,2978,
2021-10-28T06:20:00,,,,,,,,3,2978,
2021-10-29T06:09:00,108,,,268,256,,1892,1,2823,43
2021-10-29T06:09:00,,,,,,,,2,2823,
2021-10-29T06:09:00,,,,,,,,3,2823,
2021-10-30T05:24:00,108,,,268,256,,1892,1,2943,43
2021-10-30T05:24:00,,,,,,,,2,2943,
2021-10-30T05:24:00,,,,,,,,3,2943,
2021-10-31T05:53:00,108,,,268,256,,1892,1,3154.4,43
2021-10-31T05:53:00,,,,,,,,2,3154.4,
2021-10-31T05:53:00,,,,,,,,3,3154.4,
2022-01-01T07:33:00,,,,,,,,1,3186,
2022-01-01T07:33:00,,,,,,,,2,3186,
2022-01-01T07:33:00,,,,128,128,32,1436,3,3186,29
2022-01-02T07:19:00,,,,,,,,1,2983,
2022-01-02T07:19:00,,,,,,,,2,2983,
2022-01-02T07:19:00,,,,128,128,32,1436,3,2983,29
2022-01-03T07:53:00,,,,,,,,1,3179.6,
2022-01-03T07:53:00,,,,,,,,2,3179.6,
2022-01-03T07:53:00,,,,128,128,32,1436,3,3179.6,29
2022-01-04T07:42:00,,,,,,,,1,3079,
2022-01-04T07:42:00,,,,,,,,2,3079,
2022-01-04T07:42:00,,,,128,128,32,1436,3,3079,29
2022-01-05T07:24:00,,,,,,,,1,3042,
2022-01-05T07:24:00,,,,,,,,2,3042,
2022-01-05T07:24:00,,,,136,136,34,1534,3,3042,31
2022-01-06T08:12:00,,,,,,,,1,2830,
2022-01-06T08:12:00,,,,,,,,2,2830,
2022-01-06T08:12:00,,,,136,136,34,1534,3,2830,31
2022-01-07T07:14:00,,,,,,,,1,2961,
2022-01-07T07:14:00,,,,,,,,2,2961,
2022-01-07T07:14:00,,,,136,136,34,1534,3,2961,31
2022-01-08T06:36:00,,,,,,,,1,2762,
2022-01-08T06:36:00,,,,,,,,2,2762,
2022-01-08T06:36:00,,,,136,136,34,1534,3,2762,31
2022-01-09T06:57:00,,,,,,,,1,2960,
2022-01-09T06:57:00,,,,,,,,2,2960,
2022-01-09T06:57:00,,,,136,136,34,1534,3,2960,31
2022-01-10T07:24:00,,,,,,,,1,3081,
2022-01-10T07:24:00,,,,,,,,2,3081,
2022-01-10T07:24:00,,,,156,140,,1302,3,3081,31
2022-01-11T07:22:00,,,,,,,,1,2949,
2022-01-11T07:22:00,,,,,,,,2,2949,
2022-01-11T07:22:00,,,,156,140,,1302,3,2949,31
2022-01-12T07:14:00,,,,,,,,1,2918,
2022-01-12T07:14:00,,,,,,,,2,2918,
2022-01-12T07:14:00,,,,156,140,,1302,3,2918,31
2022-01-13T07:18:00,,,,,,,,1,2935,
2022-01-13T07:18:00,,,,,,,,2,2935,
2022-01-13T07:18:00,,,,156,140,,1302,3,2935,31
2022-01-14T06:37:00,,,,,,,,1,2824,
2022-01-14T06:37:00,,,,,,,,2,2824,
2022-01-14T06:37:00,,,,132,118,,1092,3,2824,26
2022-01-15T06:14:00,,,,,,,,1,2917,
2022-01-15T06:14:00,,,,,,,,2,2917,
2022-01-15T06:14:00,,,,132,118,,1092,3,2917,26
2022-01-16T06:11:00,,,,,,,,1,2781,
2022-01-16T06:11:00,,,,,,,,2,2781,
2022-01-16T06:11:00,,,,132,118,,1092,3,2781,26
2022-01-17T07:05:00,,,,,,,,1,2950,
2022-01-17T07:05:00,,,,,,,,2,2950,
2022-01-17T07:05:00,,,,132,118,,1092,3,2950,26
2022-01-18T06:58:00,,,,,,,,1,2925.4,
2022-01-18T06:58:00,,,,,,,,2,2925.4,
2022-01-18T06:58:00,,,,132,118,,1092,3,2925.4,26
2022-01-19T06:52:00,,,,,,,,1,2884,
2022-01-19T06:52:00,,,,,,,,2,2884,
2022-01-19T06:52:00,,,,132,118,,1092,3,2884,26
2022-01-20T07:00:00,,,,,,,,1,2696,
2022-01-20T07:00:00,,,,,,,,2,2696,
2022-01-20T07:00:00,,,,142,126,,1176,3,2696,28
2022-01-21T06:38:00,,,,,,,,1,2665,
2022-01-21T06:38:00,,,,,,,,2,2665,
2022-01-21T06:38:00,,,,152,136,,1260,3,2665,30
2022-01-22T06:40:00,,,,,,,,1,2935,
2022-01-22T06:40:00,,,,,,,,2,2935,
2022-01-22T06:40:00,,,,146,130,,1218,3,2935,29
2022-01-23T05:21:00,,,,,,,,1,2811,
2022-01-23T05:21:00,,,,,,,,2,2811,
2022-01-23T05:21:00,,,,146,130,,1218,3,2811,29
2022-01-24T07:08:00,,,,,,,,1,3044,
2022-01-24T07:08:00,,,,,,,,2,3044,
2022-01-24T07:08:00,,,,152,136,,1260,3,3044,30
2022-01-25T06:53:00,,,,,,,,1,2954,
2022-01-25T06:53:00,,,,,,,,2,2954,
2022-01-25T06:53:00,,,,152,136,,1260,3,2954,30
2022-01-26T07:05:00,,,,,,,,1,3196,
2022-01-26T07:05:00,,,,,,,,2,3196,
2022-01-26T07:05:00,,,,152,136,,1260,3,3196,30
2022-01-27T07:26:00,,,,,,,,1,3132,
2022-01-27T07:26:00,,,,,,,,2,3132,
2022-01-27T07:26:00,,,,152,136,,1260,3,3132,30
2022-01-28T06:36:00,,,,,,,,1,3179,
2022-01-28T06:36:00,,,,,,,,2,3179,
2022-01-28T06:36:00,,,,152,136,,1260,3,3179,30
2022-01-29T06:54:00,,,,,,,,1,3271,
2022-01-29T06:54:00,,,,,,,,2,3271,
2022-01-29T06:54:00,,,,136,122,,1134,3,3271,27
2022-01-30T07:34:00,,,,,,,,1,3066,
2022-01-30T07:34:00,,,,,,,,2,3066,
2022-01-30T07:34:00,,,,136,122,,1134,3,3066,27
2022-01-31T08:21:00,,,,,,,,1,2791,
2022-01-31T08:21:00,,,,,,,,2,2791,
2022-01-31T08:21:00,,,,136,122,,1134,3,2791,27
2022-01-01T08:14:00,,,,,,,,1,3186,
2022-01-01T08:14:00,,,,54,60,,850,2,3186,18
2022-01-01T08:14:00,,,,,,,,3,3186,
2022-01-02T08:04:00,,,,,,,,1,2983,
2022-01-02T08:04:00,,,,54,60,,850,2,2983,18
2022-01-02T08:04:00,,,,,,,,3,2983,
2022-01-03T06:33:00,,,,,,,,1,3179.6,
2022-01-03T06:33:00,,,,54,60,,850,2,3179.6,18
2022-01-03T06:33:00,,,,,,,,3,3179.6,
2022-01-04T08:26:00,,,,,,,,1,3079,
2022-01-04T08:26:00,,,,54,60,,850,2,3079,18
2022-01-04T08:26:00,,,,,,,,3,3079,
2022-01-05T08:12:00,,,,,,,,1,3042,
2022-01-05T08:12:00,,,,54,60,,850,2,3042,18
2022-01-05T08:12:00,,,,,,,,3,3042,
2022-01-06T07:13:00,,,,,,,,1,2830,
2022-01-06T07:13:00,,,,54,60,,850,2,2830,18
2022-01-06T07:13:00,,,,,,,,3,2830,
2022-01-07T06:31:00,,,,,,,,1,2961,
2022-01-07T06:31:00,,,,54,60,,850,2,2961,18
2022-01-07T06:31:00,,,,,,,,3,2961,
2022-01-08T06:08:00,,,,,,,,1,2762,
2022-01-08T06:08:00,,,,54,60,,850,2,2762,18
2022-01-08T06:08:00,,,,,,,,3,2762,
2022-01-09T06:20:00,,,,,,,,1,2960,
2022-01-09T06:20:00,,,,54,60,,850,2,2960,18
2022-01-09T06:20:00,,,,,,,,3,2960,
2022-01-10T06:55:00,,,,,,,,1,3081,
2022-01-10T06:55:00,,,,70,80,,832,2,3081,18
2022-01-10T06:55:00,,,,,,,,3,3081,
2022-01-11T08:06:00,,,,,,,,1,2949,
2022-01-11T08:06:00,,,,70,80,,832,2,2949,18
2022-01-11T08:06:00,,,,,,,,3,2949,
2022-01-12T08:05:00,,,,,,,,1,2918,
2022-01-12T08:05:00,,,,54,62,,648,2,2918,14
2022-01-12T08:05:00,,,,,,,,3,2918,
2022-01-13T08:18:00,,,,,,,,1,2935,
2022-01-13T08:18:00,,,,54,62,,648,2,2935,14
2022-01-13T08:18:00,,,,,,,,3,2935,
2022-01-14T05:20:00,,,,,,,,1,2824,
2022-01-14T05:20:00,,,,90,102,,1064,2,2824,23
2022-01-14T05:20:00,,,,,,,,3,2824,
2022-01-15T07:04:00,,,,,,,,1,2917,
2022-01-15T07:04:00,,,,80,92,,966,2,2917,23
2022-01-15T07:04:00,,,,,,,,3,2917,
2022-01-16T06:37:00,,,,,,,,1,2781,
2022-01-16T06:37:00,,,,80,92,,966,2,2781,23
2022-01-16T06:37:00,,,,,,,,3,2781,
2022-01-17T07:49:00,,,,,,,,1,2950,
2022-01-17T07:49:00,,,,80,92,,966,2,2950,23
2022-01-17T07:49:00,,,,,,,,3,2950,
2022-01-18T07:44:00,,,,,,,,1,2925.4,
2022-01-18T07:44:00,,,,80,92,,966,2,2925.4,23
2022-01-18T07:44:00,,,,,,,,3,2925.4,
2022-01-19T07:35:00,,,,,,,,1,2884,
2022-01-19T07:35:00,,,,80,92,,966,2,2884,23
2022-01-19T07:35:00,,,,,,,,3,2884,
2022-01-20T07:45:00,,,,,,,,1,2696,
2022-01-20T07:45:00,,,,80,92,,966,2,2696,23
2022-01-20T07:45:00,,,,,,,,3,2696,
2022-01-21T07:36:00,,,,,,,,1,2665,
2022-01-21T07:36:00,,,,80,92,,966,2,2665,23
2022-01-21T07:36:00,,,,,,,,3,2665,
2022-01-22T07:29:00,,,,,,,,1,2935,
2022-01-22T07:29:00,,,,80,92,,966,2,2935,23
2022-01-22T07:29:00,,,,,,,,3,2935,
2022-01-23T06:59:00,,,,,,,,1,2811,
2022-01-23T06:59:00,,,,80,92,,966,2,2811,23
2022-01-23T06:59:00,,,,,,,,3,2811,
2022-01-24T08:02:00,,,,,,,,1,3044,
2022-01-24T08:02:00,,,,80,92,,966,2,3044,23
2022-01-24T08:02:00,,,,,,,,3,3044,
2022-01-25T07:55:00,,,,,,,,1,2954,
2022-01-25T07:55:00,,,,78,88,,924,2,2954,22
2022-01-25T07:55:00,,,,,,,,3,2954,
2022-01-26T07:56:00,,,,,,,,1,3196,
2022-01-26T07:56:00,,,,78,88,,924,2,3196,22
2022-01-26T07:56:00,,,,,,,,3,3196,
2022-01-27T08:17:00,,,,,,,,1,3132,
2022-01-27T08:17:00,,,,78,88,,924,2,3132,22
2022-01-27T08:17:00,,,,,,,,3,3132,
2022-01-28T07:29:00,,,,,,,,1,3179,
2022-01-28T07:29:00,,,,78,88,,924,2,3179,22
2022-01-28T07:29:00,,,,,,,,3,3179,
2022-01-29T09:04:00,,,,,,,,1,3271,
2022-01-29T09:04:00,,,,78,88,,924,2,3271,22
2022-01-29T09:04:00,,,,,,,,3,3271,
2022-01-30T08:23:00,,,,,,,,1,3066,
2022-01-30T08:23:00,,,,78,88,,924,2,3066,22
2022-01-30T08:23:00,,,,,,,,3,3066,
2022-01-31T08:56:00,,,,,,,,1,2791,
2022-01-31T08:56:00,,,,78,88,,924,2,2791,22
2022-01-31T08:56:00,,,,,,,,3,2791,
2022-01-01T06:23:00,,,,110,110,26,1002,1,3186,40
2022-01-01T06:23:00,,,,,,,,2,3186,
2022-01-01T06:23:00,,,,,,,,3,3186,
2022-01-01T06:59:00,,,,110,110,26,1002,1,3186,40
2022-01-01T06:59:00,,,,,,,,2,3186,
2022-01-01T06:59:00,,,,,,,,3,3186,
2022-01-02T06:31:00,,,,110,110,26,1002,1,2983,40
2022-01-02T06:31:00,,,,,,,,2,2983,
2022-01-02T06:31:00,,,,,,,,3,2983,
2022-01-02T08:38:00,,,,110,110,26,1002,1,2983,40
2022-01-02T08:38:00,,,,,,,,2,2983,
2022-01-02T08:38:00,,,,,,,,3,2983,
2022-01-03T07:19:00,,,,110,110,26,1002,1,3179.6,40
2022-01-03T07:19:00,,,,,,,,2,3179.6,
2022-01-03T07:19:00,,,,,,,,3,3179.6,
2022-01-03T08:42:00,,,,110,110,26,1002,1,3179.6,40
2022-01-03T08:42:00,,,,,,,,2,3179.6,
2022-01-03T08:42:00,,,,,,,,3,3179.6,
2022-01-04T07:13:00,,,,110,110,26,1002,1,3079,40
2022-01-04T07:13:00,,,,,,,,2,3079,
2022-01-04T07:13:00,,,,,,,,3,3079,
2022-01-04T09:03:00,,,,110,110,26,1002,1,3079,40
2022-01-04T09:03:00,,,,,,,,2,3079,
2022-01-04T09:03:00,,,,,,,,3,3079,
2022-01-05T06:24:00,,,,110,110,26,1002,1,3042,40
2022-01-05T06:24:00,,,,,,,,2,3042,
2022-01-05T06:24:00,,,,,,,,3,3042,
2022-01-05T13:57:00,,,,110,110,26,1002,1,3042,40
2022-01-05T13:57:00,,,,,,,,2,3042,
2022-01-05T13:57:00,,,,,,,,3,3042,
2022-01-06T07:39:00,,,,110,110,26,1002,1,2830,40
2022-01-06T07:39:00,,,,,,,,2,2830,
2022-01-06T07:39:00,,,,,,,,3,2830,
2022-01-06T08:53:00,,,,110,110,26,1002,1,2830,40
2022-01-06T08:53:00,,,,,,,,2,2830,
2022-01-06T08:53:00,,,,,,,,3,2830,
2022-01-07T08:00:00,,,,110,110,26,1002,1,2961,40
2022-01-07T08:00:00,,,,,,,,2,2961,
2022-01-07T08:00:00,,,,,,,,3,2961,
2022-01-07T08:54:00,,,,110,110,26,1002,1,2961,40
2022-01-07T08:54:00,,,,,,,,2,2961,
2022-01-07T08:54:00,,,,,,,,3,2961,
2022-01-08T07:22:00,,,,110,110,26,1002,1,2762,40
2022-01-08T07:22:00,,,,,,,,2,2762,
2022-01-08T07:22:00,,,,,,,,3,2762,
2022-01-08T07:55:00,,,,110,110,26,1002,1,2762,40
2022-01-08T07:55:00,,,,,,,,2,2762,
2022-01-08T07:55:00,,,,,,,,3,2762,
2022-01-09T07:49:00,,,,110,110,26,1002,1,2960,40
2022-01-09T07:49:00,,,,,,,,2,2960,
2022-01-09T07:49:00,,,,,,,,3,2960,
2022-01-09T08:24:00,,,,110,110,26,1002,1,2960,40
2022-01-09T08:24:00,,,,,,,,2,2960,
2022-01-09T08:24:00,,,,,,,,3,2960,
2022-01-10T08:01:00,,,,110,100,,920,1,3081,40
2022-01-10T08:01:00,,,,,,,,2,3081,
2022-01-10T08:01:00,,,,,,,,3,3081,
2022-01-10T08:35:00,,,,110,100,,920,1,3081,40
2022-01-10T08:35:00,,,,,,,,2,3081,
2022-01-10T08:35:00,,,,,,,,3,3081,
2022-01-11T06:38:00,,,,110,100,,920,1,2949,40
2022-01-11T06:38:00,,,,,,,,2,2949,
2022-01-11T06:38:00,,,,,,,,3,2949,
2022-01-11T08:44:00,,,,110,100,,920,1,2949,40
2022-01-11T08:44:00,,,,,,,,2,2949,
2022-01-11T08:44:00,,,,,,,,3,2949,
2022-01-12T06:29:00,,,,110,100,,920,1,2918,40
2022-01-12T06:29:00,,,,,,,,2,2918,
2022-01-12T06:29:00,,,,,,,,3,2918,
2022-01-12T09:18:00,,,,110,100,,920,1,2918,40
2022-01-12T09:18:00,,,,,,,,2,2918,
2022-01-12T09:18:00,,,,,,,,3,2918,
2022-01-13T06:38:00,,,,110,100,,920,1,2935,40
2022-01-13T06:38:00,,,,,,,,2,2935,
2022-01-13T06:38:00,,,,,,,,3,2935,
2022-01-13T09:28:00,,,,110,100,,920,1,2935,40
2022-01-13T09:28:00,,,,,,,,2,2935,
2022-01-13T09:28:00,,,,,,,,3,2935,
2022-01-14T06:05:00,,,,100,90,,828,1,2824,36
2022-01-14T06:05:00,,,,,,,,2,2824,
2022-01-14T06:05:00,,,,,,,,3,2824,
2022-01-14T07:09:00,,,,100,90,,828,1,2824,36
2022-01-14T07:09:00,,,,,,,,2,2824,
2022-01-14T07:09:00,,,,,,,,3,2824,
2022-01-15T05:26:00,,,,100,90,,828,1,2917,36
2022-01-15T05:26:00,,,,,,,,2,2917,
2022-01-15T05:26:00,,,,,,,,3,2917,
2022-01-15T08:16:00,,,,100,90,,828,1,2917,36
2022-01-15T08:16:00,,,,,,,,2,2917,
2022-01-15T08:16:00,,,,,,,,3,2917,
2022-01-16T05:31:00,,,,100,90,,828,1,2781,36
2022-01-16T05:31:00,,,,,,,,2,2781,
2022-01-16T05:31:00,,,,,,,,3,2781,
2022-01-16T07:17:00,,,,100,90,,828,1,2781,36
2022-01-16T07:17:00,,,,,,,,2,2781,
2022-01-16T07:17:00,,,,,,,,3,2781,
2022-01-17T06:26:00,,,,102,92,,852,1,2950,37
2022-01-17T06:26:00,,,,,,,,2,2950,
2022-01-17T06:26:00,,,,,,,,3,2950,
2022-01-17T08:45:00,,,,102,92,,852,1,2950,37
2022-01-17T08:45:00,,,,,,,,2,2950,
2022-01-17T08:45:00,,,,,,,,3,2950,
2022-01-18T06:21:00,,,,102,92,,852,1,2925.4,37
2022-01-18T06:21:00,,,,,,,,2,2925.4,
2022-01-18T06:21:00,,,,,,,,3,2925.4,
2022-01-18T09:01:00,,,,102,92,,852,1,2925.4,37
2022-01-18T09:01:00,,,,,,,,2,2925.4,
2022-01-18T09:01:00,,,,,,,,3,2925.4,
2022-01-19T06:13:00,,,,102,92,,852,1,2884,37
2022-01-19T06:13:00,,,,,,,,2,2884,
2022-01-19T06:13:00,,,,,,,,3,2884,
2022-01-19T08:51:00,,,,102,92,,852,1,2884,37
2022-01-19T08:51:00,,,,,,,,2,2884,
2022-01-19T08:51:00,,,,,,,,3,2884,
2022-01-20T06:27:00,,,,102,92,,852,1,2696,37
2022-01-20T06:27:00,,,,,,,,2,2696,
2022-01-20T06:27:00,,,,,,,,3,2696,
2022-01-20T09:03:00,,,,102,92,,852,1,2696,37
2022-01-20T09:03:00,,,,,,,,2,2696,
2022-01-20T09:03:00,,,,,,,,3,2696,
2022-01-21T05:38:00,,,,176,166,,1618,1,2665,37
2022-01-21T05:38:00,,,,,,,,2,2665,
2022-01-21T05:38:00,,,,,,,,3,2665,
2022-01-22T05:35:00,,,,176,166,,1618,1,2935,37
2022-01-22T05:35:00,,,,,,,,2,2935,
2022-01-22T05:35:00,,,,,,,,3,2935,
2022-01-23T06:07:00,,,,176,166,,1618,1,2811,37
2022-01-23T06:07:00,,,,,,,,2,2811,
2022-01-23T06:07:00,,,,,,,,3,2811,
2022-01-24T06:16:00,,,,176,166,,1618,1,3044,37
2022-01-24T06:16:00,,,,,,,,2,3044,
2022-01-24T06:16:00,,,,,,,,3,3044,
2022-01-25T06:09:00,,,,176,166,,1618,1,2954,37
2022-01-25T06:09:00,,,,,,,,2,2954,
2022-01-25T06:09:00,,,,,,,,3,2954,
2022-01-26T06:06:00,,,,176,166,,1618,1,3196,37
2022-01-26T06:06:00,,,,,,,,2,3196,
2022-01-26T06:06:00,,,,,,,,3,3196,
2022-01-27T06:26:00,,,,180,168,,1650,1,3132,37
2022-01-27T06:26:00,,,,,,,,2,3132,
2022-01-27T06:26:00,,,,,,,,3,3132,
2022-01-28T05:51:00,,,,180,168,,1650,1,3179,37
2022-01-28T05:51:00,,,,,,,,2,3179,
2022-01-28T05:51:00,,,,,,,,3,3179,
2022-01-29T06:04:00,,,,200,186,,1828,1,3271,41
2022-01-29T06:04:00,,,,,,,,2,3271,
2022-01-29T06:04:00,,,,,,,,3,3271,
2022-01-30T06:43:00,,,,200,186,,1828,1,3066,41
2022-01-30T06:43:00,,,,,,,,2,3066,
2022-01-30T06:43:00,,,,,,,,3,3066,
2022-01-31T07:33:00,,,,200,186,,1828,1,2791,41
2022-01-31T07:33:00,,,,,,,,2,2791,
2022-01-31T07:33:00,,,,,,,,3,2791,
2022-02-01T07:42:00,,,,,,,,1,2887,
2022-02-01T07:42:00,,,,,,,,2,2887,
2022-02-01T07:42:00,,,,122,122,,1134,3,2887,27
2022-02-02T07:17:00,,,,,,,,1,3057,
2022-02-02T07:17:00,,,,,,,,2,3057,
2022-02-02T07:17:00,,,,122,122,,1134,3,3057,27
2022-02-03T07:18:00,,,,,,,,1,2955,
2022-02-03T07:18:00,,,,,,,,2,2955,
2022-02-03T07:18:00,,,,122,122,,1134,3,2955,27
2022-02-04T06:21:00,,,,,,,,1,3137,
2022-02-04T06:21:00,,,,,,,,2,3137,
2022-02-04T06:21:00,,,,122,122,,1134,3,3137,27
2022-02-05T07:10:00,,,,,,,,1,3038,
2022-02-05T07:10:00,,,,,,,,2,3038,
2022-02-05T07:10:00,,,,122,122,,1134,3,3038,27
2022-02-06T06:23:00,,,,,,,,1,2966,
2022-02-06T06:23:00,,,,,,,,2,2966,
2022-02-06T06:23:00,,,,122,122,,1134,3,2966,27
2022-02-07T07:13:00,,,,,,,,1,3136,
2022-02-07T07:13:00,,,,,,,,2,3136,
2022-02-07T07:13:00,,,,122,122,,1134,3,3136,27
2022-02-08T07:08:00,,,,,,,,1,2987.2,
2022-02-08T07:08:00,,,,,,,,2,2987.2,
2022-02-08T07:08:00,,,,118,118,,1092,3,2987.2,26
2022-02-09T07:13:00,,,,,,,,1,2865,
2022-02-09T07:13:00,,,,,,,,2,2865,
2022-02-09T07:13:00,,,,118,118,,1092,3,2865,26
2022-02-10T07:03:00,,,,,,,,1,2979,
2022-02-10T07:03:00,,,,,,,,2,2979,
2022-02-10T07:03:00,,,,118,118,,1092,3,2979,26
2022-02-11T07:15:00,,,,,,,,1,2894,
2022-02-11T07:15:00,,,,,,,,2,2894,
2022-02-11T07:15:00,,,,108,108,,1008,3,2894,24
2022-02-12T06:16:00,,,,,,,,1,3151,
2022-02-12T06:16:00,,,,,,,,2,3151,
2022-02-12T06:16:00,,,,108,108,,1008,3,3151,24
2022-02-13T05:44:00,,,,,,,,1,2889,
2022-02-13T05:44:00,,,,,,,,2,2889,
2022-02-13T05:44:00,,,,108,108,,1008,3,2889,24
2022-02-14T07:10:00,,,,,,,,1,2974.4,
2022-02-14T07:10:00,,,,,,,,2,2974.4,
2022-02-14T07:10:00,,,,108,108,,1008,3,2974.4,24
2022-02-15T07:21:00,,,,,,,,1,2927,
2022-02-15T07:21:00,,,,,,,,2,2927,
2022-02-15T07:21:00,,,,108,108,,1008,3,2927,24
2022-02-16T07:04:00,,,,,,,,1,2880,
2022-02-16T07:04:00,,,,,,,,2,2880,
2022-02-16T07:04:00,,,,108,108,,1008,3,2880,24
2022-02-17T10:12:00,,,,,,,,1,2757,
2022-02-17T10:12:00,,,,,,,,2,2757,
2022-02-17T10:12:00,,,,108,108,,1008,3,2757,24
2022-02-18T07:07:00,,,,,,,,1,2936,
2022-02-18T07:07:00,,,,,,,,2,2936,
2022-02-18T07:07:00,,,,104,104,,966,3,2936,23
2022-02-19T06:19:00,,,,,,,,1,2762,
2022-02-19T06:19:00,,,,,,,,2,2762,
2022-02-19T06:19:00,,,,104,104,,966,3,2762,23
2022-02-20T06:19:00,,,,,,,,1,2862,
2022-02-20T06:19:00,,,,,,,,2,2862,
2022-02-20T06:19:00,,,,108,108,,1008,3,2862,24
2022-02-21T07:19:00,,,,,,,,1,2791,
2022-02-21T07:19:00,,,,,,,,2,2791,
2022-02-21T07:19:00,,,,108,108,,1008,3,2791,24
2022-02-22T09:10:00,,,,,,,,1,2753.4,
2022-02-22T09:10:00,,,,,,,,2,2753.4,
2022-02-22T09:10:00,,,,108,108,,1008,3,2753.4,24
2022-02-23T07:29:00,,,,,,,,1,2660,
2022-02-23T07:29:00,,,,,,,,2,2660,
2022-02-23T07:29:00,,,,108,108,,1008,3,2660,24
2022-02-24T07:16:00,,,,,,,,1,2588,
2022-02-24T07:16:00,,,,,,,,2,2588,
2022-02-24T07:16:00,,,,108,108,,1008,3,2588,24
2022-02-25T06:15:00,,,,,,,,1,2619,
2022-02-25T06:15:00,,,,,,,,2,2619,
2022-02-25T06:15:00,,,,108,108,,1008,3,2619,24
2022-02-26T06:23:00,,,,,,,,1,2595,
2022-02-26T06:23:00,,,,,,,,2,2595,
2022-02-26T06:23:00,,,,108,108,,1008,3,2595,24
2022-02-27T06:13:00,,,,,,,,1,2700,
2022-02-27T06:13:00,,,,,,,,2,2700,
2022-02-27T06:13:00,,,,108,108,,1008,3,2700,24
2022-02-28T07:08:00,,,,,,,,1,2760,
2022-02-28T07:08:00,,,,,,,,2,2760,
2022-02-28T07:08:00,,,,108,108,,1008,3,2760,24
2022-02-01T08:19:00,,,,,,,,1,2887,
2022-02-01T08:19:00,,,,78,88,,924,2,2887,22
2022-02-01T08:19:00,,,,,,,,3,2887,
2022-02-02T07:54:00,,,,,,,,1,3057,
2022-02-02T07:54:00,,,,78,88,,924,2,3057,22
2022-02-02T07:54:00,,,,,,,,3,3057,
2022-02-03T08:20:00,,,,,,,,1,2955,
2022-02-03T08:20:00,,,,78,88,,924,2,2955,22
2022-02-03T08:20:00,,,,,,,,3,2955,
2022-02-04T07:13:00,,,,,,,,1,3137,
2022-02-04T07:13:00,,,,78,88,,924,2,3137,22
2022-02-04T07:13:00,,,,,,,,3,3137,
2022-02-05T06:08:00,,,,,,,,1,3038,
2022-02-05T06:08:00,,,,78,88,,924,2,3038,22
2022-02-05T06:08:00,,,,,,,,3,3038,
2022-02-06T07:07:00,,,,,,,,1,2966,
2022-02-06T07:07:00,,,,78,88,,924,2,2966,22
2022-02-06T07:07:00,,,,,,,,3,2966,
2022-02-07T07:47:00,,,,,,,,1,3136,
2022-02-07T07:47:00,,,,78,88,,924,2,3136,22
2022-02-07T07:47:00,,,,,,,,3,3136,
2022-02-08T07:44:00,,,,,,,,1,2987.2,
2022-02-08T07:44:00,,,,70,80,,840,2,2987.2,20
2022-02-08T07:44:00,,,,,,,,3,2987.2,
2022-02-09T07:50:00,,,,,,,,1,2865,
2022-02-09T07:50:00,,,,70,80,,840,2,2865,20
2022-02-09T07:50:00,,,,,,,,3,2865,
2022-02-10T07:41:00,,,,,,,,1,2979,
2022-02-10T07:41:00,,,,70,80,,840,2,2979,20
2022-02-10T07:41:00,,,,,,,,3,2979,
2022-02-11T06:11:00,,,,,,,,1,2894,
2022-02-11T06:11:00,,,,74,84,,882,2,2894,21
2022-02-11T06:11:00,,,,,,,,3,2894,
2022-02-12T06:46:00,,,,,,,,1,3151,
2022-02-12T06:46:00,,,,74,84,,882,2,3151,21
2022-02-12T06:46:00,,,,,,,,3,3151,
2022-02-13T05:10:00,,,,,,,,1,2889,
2022-02-13T05:10:00,,,,74,84,,882,2,2889,21
2022-02-13T05:10:00,,,,,,,,3,2889,
2022-02-14T07:43:00,,,,,,,,1,2974.4,
2022-02-14T07:43:00,,,,74,84,,882,2,2974.4,21
2022-02-14T07:43:00,,,,,,,,3,2974.4,
2022-02-15T07:52:00,,,,,,,,1,2927,
2022-02-15T07:52:00,,,,78,88,,924,2,2927,22
2022-02-15T07:52:00,,,,,,,,3,2927,
2022-02-16T07:37:00,,,,,,,,1,2880,
2022-02-16T07:37:00,,,,78,88,,924,2,2880,22
2022-02-16T07:37:00,,,,,,,,3,2880,
2022-02-17T10:38:00,,,,,,,,1,2757,
2022-02-17T10:38:00,,,,78,88,,924,2,2757,22
2022-02-17T10:38:00,,,,,,,,3,2757,
2022-02-18T07:46:00,,,,,,,,1,2936,
2022-02-18T07:46:00,,,,88,100,,1050,2,2936,25
2022-02-18T07:46:00,,,,,,,,3,2936,
2022-02-19T07:00:00,,,,,,,,1,2762,
2022-02-19T07:00:00,,,,88,100,,1050,2,2762,25
2022-02-19T07:00:00,,,,,,,,3,2762,
2022-02-20T06:58:00,,,,,,,,1,2862,
2022-02-20T06:58:00,,,,88,100,,1050,2,2862,25
2022-02-20T06:58:00,,,,,,,,3,2862,
2022-02-21T07:58:00,,,,,,,,1,2791,
2022-02-21T07:58:00,,,,88,100,,1050,2,2791,25
2022-02-21T07:58:00,,,,,,,,3,2791,
2022-02-22T09:57:00,,,,,,,,1,2753.4,
2022-02-22T09:57:00,,,,88,100,,1050,2,2753.4,25
2022-02-22T09:57:00,,,,,,,,3,2753.4,
2022-02-23T08:11:00,,,,,,,,1,2660,
2022-02-23T08:11:00,,,,74,84,,882,2,2660,21
2022-02-23T08:11:00,,,,,,,,3,2660,
2022-02-24T08:01:00,,,,,,,,1,2588,
2022-02-24T08:01:00,,,,74,84,,882,2,2588,21
2022-02-24T08:01:00,,,,,,,,3,2588,
2022-02-25T07:06:00,,,,,,,,1,2619,
2022-02-25T07:06:00,,,,74,84,,882,2,2619,21
2022-02-25T07:06:00,,,,,,,,3,2619,
2022-02-26T06:54:00,,,,,,,,1,2595,
2022-02-26T06:54:00,,,,74,84,,882,2,2595,21
2022-02-26T06:54:00,,,,,,,,3,2595,
2022-02-27T05:31:00,,,,,,,,1,2700,
2022-02-27T05:31:00,,,,74,84,,882,2,2700,21
2022-02-27T05:31:00,,,,,,,,3,2700,
2022-02-28T07:56:00,,,,,,,,1,2760,
2022-02-28T07:56:00,,,,74,84,,882,2,2760,21
2022-02-28T07:56:00,,,,,,,,3,2760,
2022-02-01T07:02:00,,,,186,200,,1828,1,2887,41
2022-02-01T07:02:00,,,,,,,,2,2887,
2022-02-01T07:02:00,,,,,,,,3,2887,
2022-02-02T06:31:00,,,,186,200,,1828,1,3057,41
2022-02-02T06:31:00,,,,,,,,2,3057,
2022-02-02T06:31:00,,,,,,,,3,3057,
2022-02-03T06:23:00,,,,186,200,,1828,1,2955,41
2022-02-03T06:23:00,,,,,,,,2,2955,
2022-02-03T06:23:00,,,,,,,,3,2955,
2022-02-04T05:30:00,,,,186,200,,1828,1,3137,41
2022-02-04T05:30:00,,,,,,,,2,3137,
2022-02-04T05:30:00,,,,,,,,3,3137,
2022-02-06T05:39:00,,,,192,204,,1872,1,2966,42
2022-02-06T05:39:00,,,,,,,,2,2966,
2022-02-06T05:39:00,,,,,,,,3,2966,
2022-02-05T06:33:00,,,,192,204,,1872,1,3038,42
2022-02-05T06:33:00,,,,,,,,2,3038,
2022-02-05T06:33:00,,,,,,,,3,3038,
2022-02-07T06:17:00,,,,192,204,,1872,1,3136,42
2022-02-07T06:17:00,,,,,,,,2,3136,
2022-02-07T06:17:00,,,,,,,,3,3136,
2022-02-08T06:22:00,,,,192,204,,1872,1,2987.2,42
2022-02-08T06:22:00,,,,,,,,2,2987.2,
2022-02-08T06:22:00,,,,,,,,3,2987.2,
2022-02-09T06:25:00,,,,196,208,,1918,1,2865,43
2022-02-09T06:25:00,,,,,,,,2,2865,
2022-02-09T06:25:00,,,,,,,,3,2865,
2022-02-10T06:19:00,,,,196,208,,1918,1,2979,43
2022-02-10T06:19:00,,,,,,,,2,2979,
2022-02-10T06:19:00,,,,,,,,3,2979,
2022-02-11T06:35:00,,,,186,200,,1828,1,2894,41
2022-02-11T06:35:00,,,,,,,,2,2894,
2022-02-11T06:35:00,,,,,,,,3,2894,
2022-02-12T05:40:00,,,,186,200,,1828,1,3151,41
2022-02-12T05:40:00,,,,,,,,2,3151,
2022-02-12T05:40:00,,,,,,,,3,3151,
2022-02-13T06:22:00,,,,196,208,,1918,1,2889,43
2022-02-13T06:22:00,,,,,,,,2,2889,
2022-02-13T06:22:00,,,,,,,,3,2889,
2022-02-14T06:32:00,,,,192,204,,1872,1,2974.4,42
2022-02-14T06:32:00,,,,,,,,2,2974.4,
2022-02-14T06:32:00,,,,,,,,3,2974.4,
2022-02-15T06:36:00,,,,192,204,,1872,1,2927,42
2022-02-15T06:36:00,,,,,,,,2,2927,
2022-02-15T06:36:00,,,,,,,,3,2927,
2022-02-16T06:17:00,,,,192,204,,1872,1,2880,42
2022-02-16T06:17:00,,,,,,,,2,2880,
2022-02-16T06:17:00,,,,,,,,3,2880,
2022-02-17T07:06:00,,,,192,204,,1872,1,2757,42
2022-02-17T07:06:00,,,,,,,,2,2757,
2022-02-17T07:06:00,,,,,,,,3,2757,
2022-02-18T06:11:00,,,,178,190,,1738,1,2936,39
2022-02-18T06:11:00,,,,,,,,2,2936,
2022-02-18T06:11:00,,,,,,,,3,2936,
2022-02-19T05:22:00,,,,178,190,,1738,1,2762,39
2022-02-19T05:22:00,,,,,,,,2,2762,
2022-02-19T05:22:00,,,,,,,,3,2762,
2022-02-20T05:32:00,,,,178,190,,1738,1,2862,39
2022-02-20T05:32:00,,,,,,,,2,2862,
2022-02-20T05:32:00,,,,,,,,3,2862,
2022-02-21T06:25:00,,,,186,200,,1828,1,2791,41
2022-02-21T06:25:00,,,,,,,,2,2791,
2022-02-21T06:25:00,,,,,,,,3,2791,
2022-02-22T08:13:00,,,,186,200,,1828,1,2753.4,41
2022-02-22T08:13:00,,,,,,,,2,2753.4,
2022-02-22T08:13:00,,,,,,,,3,2753.4,
2022-02-23T06:42:00,,,,186,200,,1828,1,2660,41
2022-02-23T06:42:00,,,,,,,,2,2660,
2022-02-23T06:42:00,,,,,,,,3,2660,
2022-02-24T06:14:00,,,,186,200,,1828,1,2588,41
2022-02-24T06:14:00,,,,,,,,2,2588,
2022-02-24T06:14:00,,,,,,,,3,2588,
2022-02-25T05:21:00,,,,192,204,,1872,1,2619,42
2022-02-25T05:21:00,,,,,,,,2,2619,
2022-02-25T05:21:00,,,,,,,,3,2619,
2022-02-26T05:28:00,,,,192,204,,1872,1,2595,42
2022-02-26T05:28:00,,,,,,,,2,2595,
2022-02-26T05:28:00,,,,,,,,3,2595,
2022-02-27T06:45:00,,,,192,204,,1872,1,2700,42
2022-02-27T06:45:00,,,,,,,,2,2700,
2022-02-27T06:45:00,,,,,,,,3,2700,
2022-02-28T06:14:00,,,,192,204,,1872,1,2760,42
2022-02-28T06:14:00,,,,,,,,2,2760,
2022-02-28T06:14:00,,,,,,,,3,2760,
