Brinco,Peso,Prod. Leite,date
1069,768,36.3,03
1069,768,42.1,03
1069,768,42.7,03
1069,768,42.6,03
1069,759,40.4,04
1069,759,38.9,04
1069,759,39.8,04
1069,771,38.7,05
1069,771,36.2,05
1069,771,43.3,05
1069,764,42.6,07
1069,764,37.5,07
1069,764,39.5,07
1069,796,28.9,08
1069,796,28.9,08
1069,796,31,08
1069,803,28.6,09
1069,803,24.2,09
1428,650,32.1,02
1428,650,37.8,02
1428,650,37.8,03
1428,650,44,03
1428,650,46.9,03
1428,650,44.9,03
1428,655,48.5,04
1428,655,46.6,04
1428,655,47.7,04
1428,649,45.4,05
1428,649,53,05
1428,649,49.6,05
1428,661,45.2,07
1428,661,39.2,07
1428,661,45.8,07
1428,701,24,08
1428,701,24,08
1428,701,36.3,08
1428,732,34,09
1428,732,28.9,09
2195,659,38.8,04
2195,659,46,04
2195,659,45.1,04
2195,643,46,05
2195,643,46.5,05
2195,643,44.6,05
2195,656,26.6,11
2195,656,27.4,11
2195,656,28.2,11
2195,685,26.7,12
2195,685,28,12
2195,643,23.8,01
2195,643,24,01
2414,647,23.4,01
2414,647,24.2,01
2414,653,23.2,02
2414,653,20.8,02
2414,653,19.8,02
2414,592,27.5,09
2414,592,27.3,09
2592,493,25.3,02
2592,493,32.3,03
2592,493,33.6,03
2592,493,36.2,03
2592,493,34.4,03
2592,524,36.7,04
2592,524,36.4,04
2592,524,38.5,04
2592,544,35.3,05
2592,544,34,05
2592,544,26.1,05
2592,569,36.3,07
2592,569,31.5,07
2592,569,33.4,07
2592,596,25.2,08
2592,596,25.2,08
2592,596,30.5,08
2592,629,30.4,09
2592,629,35.4,09
2592,629,26.3,09
2592,621,29.6,10
3030,606,37.2,03
3030,606,40.4,03
3030,606,39.3,03
3030,645,39.4,04
3030,645,47.2,04
3030,645,43.7,04
3030,635,39.6,05
3030,635,41.6,05
3030,635,38.4,05
3030,653,45.3,07
3030,653,42.6,07
3030,653,43.4,07
3030,670,33.6,08
3030,670,33.6,08
3030,670,42.7,08
3030,695,39.8,09
3030,695,37.6,09
3030,695,40,09
3030,684,39.1,10
3030,684,37.5,10
3030,684,38.4,10
3030,684,39,10
3030,703,39.4,11
3030,703,37,11
3030,703,42.7,11
3030,710,0,12
3030,710,10.4,12
3038,671,32.4,03
3038,671,35.8,03
3038,671,38.3,03
3038,671,36.2,03
3038,674,41.4,04
3038,674,42.1,04
3038,674,39.5,04
3038,669,35.4,05
3038,669,37.3,05
3038,669,35.5,05
3038,658,32.9,07
3038,658,31,07
3038,658,29.6,07
3038,689,28.5,08
3038,689,28.5,08
3038,689,21.9,08
3038,706,24.4,09
3038,706,27.5,09
3063,685,36.3,09
3063,685,41.6,09
3063,685,40.5,09
3063,676,40.3,10
3063,676,38.2,10
3063,676,39.9,10
3063,676,43.2,10
3063,652,35.8,11
3063,652,38.1,11
3063,652,38.3,11
3063,679,38.5,12
3063,679,41.3,12
3063,727,41.8,01
3063,727,43.8,01
3063,727,40.4,01
3063,696,34.6,02
3063,696,35,02
3063,696,34.6,02
3122,639,34.5,02
3122,639,46.6,02
3122,639,44.3,03
3122,639,49.9,03
3122,639,52.8,03
3122,639,54.1,03
3122,652,51.3,04
3122,652,55.6,04
3122,652,53,04
3122,661,51.6,05
3122,661,59,05
3122,661,56.5,05
3122,663,52.5,07
3122,663,45,07
3122,663,53.4,07
3122,683,39,08
3122,683,39,08
3122,683,40.8,08
3122,701,41.1,09
3122,701,21.9,09
3122,701,38.6,09
3122,668,36.7,10
3122,668,37.7,10
3122,668,41.3,10
3122,668,40.1,10
3122,677,40.5,11
3122,677,39.1,11
3122,677,35.8,11
3122,679,39.5,12
3122,679,44.3,12
3122,761,39.8,01
3122,761,38.7,01
3122,761,29.8,01
3122,639,28.2,02
3122,639,23.6,02
3122,639,25.2,02
3142,625,22.2,01
3142,625,21.9,01
3142,639,25.4,02
3142,639,24.7,02
3142,639,20.4,02
3142,639,18.7,03
3142,639,22,03
3142,639,19.9,03
3142,639,21.7,03
3142,653,22,04
3142,653,25.3,04
3142,653,24.2,04
3142,754,26.2,11
3142,703,39.5,12
3142,703,40.6,12
3142,625,41.9,01
3142,625,40.5,01
3142,625,40.9,01
3142,639,30.4,02
3142,639,38.9,02
3142,639,36.8,02
3482,736,23.9,01
3482,736,23.3,01
3482,740,24.4,02
3482,740,25.6,02
3482,740,25.6,02
3482,740,25.7,03
3482,740,21.8,03
3500,615,40.1,09
3500,615,42.7,09
3500,615,45.3,09
3500,634,43.3,10
3500,634,38.9,10
3500,634,42.8,10
3500,634,40.2,10
3500,623,39.5,11
3500,623,39.7,11
3500,623,43.8,11
3500,620,39.8,12
3500,620,40.2,12
3500,606,42.1,01
3500,606,38.8,01
3500,606,37.5,01
3500,637,33.8,02
3500,637,35.2,02
3500,637,31.3,02
3451,613,25,01
3451,613,23.9,01
3451,636,24.5,02
3451,636,20.4,02
3451,636,19.6,02
3451,636,17.9,03
3579,675,30.3,01
3579,675,29.6,01
3579,677,28.2,02
3579,677,32.7,02
3579,677,34.1,02
3579,677,30.7,03
3579,677,33.5,03
3579,677,35,03
3579,677,33.3,03
3148,617,40,01
3148,617,42.4,01
3148,605,46,02
3148,605,44.9,02
3148,605,48.1,02
3148,605,44.5,03
3148,605,43.3,03
3148,605,44.8,03
3148,605,43.9,03
3148,633,41.1,04
3148,633,48.7,04
3148,633,42.8,04
3148,604,41.8,05
3148,604,33.7,05
3148,604,35.9,05
3148,629,44.9,07
3148,629,36.7,07
3148,629,43.8,07
3148,630,34.8,08
3148,630,34.8,08
3148,630,38.1,08
3148,680,36.8,09
3148,680,41.3,09
3148,680,41.5,09
3148,638,38.1,10
3148,638,37.4,10
3148,638,37.1,10
3148,638,42.3,10
3148,655,31.7,11
3148,605,34.5,02
3148,605,38.8,02
3148,605,38.7,02
3650,638,24.6,01
3650,638,23.9,01
3650,654,24.9,02
3650,654,23.3,02
3650,654,21.1,02
3650,654,19.8,03
3650,654,19.1,03
3650,654,22.2,03
3653,722,39.4,04
3653,722,43.1,04
3653,701,52.1,05
3653,701,44,05
3653,701,49.5,05
3653,705,40,07
3653,705,36.1,07
3653,705,44.9,07
3653,731,34.4,08
3653,731,34.4,08
3653,731,32.3,08
3653,755,38.2,09
3653,755,50.5,09
3653,755,33.1,09
3653,757,36.2,10
3785,602,45.4,01
3785,602,44.6,01
3785,585,52.3,02
3785,585,48.2,02
3785,585,52.3,02
3785,585,48.8,03
3785,585,48.6,03
3785,585,46.4,03
3785,585,46.1,03
3785,557,33.4,04
3785,557,42.5,04
3785,557,37.4,04
3785,616,38.9,05
3785,616,39,05
3785,616,34,05
3785,594,36.8,07
3785,594,32.5,07
3785,594,27.8,07
3785,644,28.1,08
3785,644,28.1,08
3785,644,32.5,08
3785,681,27.3,09
3785,681,27.8,09
3789,671,37.6,02
3789,671,42,02
3789,671,46.1,02
3789,671,43.1,03
3789,671,44.1,03
3789,671,42.9,03
3789,671,44.6,03
3789,700,42.8,04
3789,700,45.6,04
3789,700,48.3,04
3789,682,41.5,05
3789,682,46.9,05
3789,682,41.7,05
3789,685,43.8,07
3789,685,36.4,07
3789,685,37.4,07
3789,713,34.2,08
3789,713,34.2,08
3789,713,33.1,08
3789,750,28.3,09
3789,750,31,09
4019,645,39.1,01
4019,645,38,01
4019,667,42.4,02
4019,667,38.3,02
4019,667,40,02
4019,667,38.8,03
4019,667,38.3,03
4019,667,35.4,03
4019,667,32.3,03
4073,540,28.8,01
4073,585,27.5,02
4073,585,30.5,02
4073,585,32.9,02
4073,585,33.2,03
4073,585,26.9,03
4073,585,23.1,03
4073,585,30.6,03
4076,696,36.1,01
4076,696,42.2,01
4076,727,46,02
4076,727,38.2,02
4076,727,49.1,02
4076,727,46.1,03
4076,727,49.8,03
4076,727,40.7,03
4076,727,48,03
4076,711,41.8,04
4076,711,46.3,04
4076,711,42.2,04
4076,707,47.9,05
4076,707,50.7,05
4076,707,44.5,05
4076,727,39.6,07
4076,727,36.2,07
4076,727,41.7,07
4076,740,23,08
4076,740,23,08
4076,740,23.6,08
4076,756,24.6,09
4076,756,19.2,09
4100,623,29.7,01
4100,623,30.1,01
4100,624,31.2,02
4100,624,28.3,02
4100,624,27,02
4100,624,25.6,03
4100,607,36.6,04
4100,617,35.8,05
4100,617,38.8,05
4100,617,38,05
4111,639,2.5,01
4111,662,14,02
4111,662,15.1,02
4111,662,18.4,02
4111,662,17.7,03
4111,662,21.8,03
4111,662,21.9,03
4111,662,26.2,03
4111,704,21.8,04
4111,704,25.2,04
4111,704,26.5,04
4111,732,30.2,05
4111,732,31.8,05
4111,732,27.5,05
4111,760,31.2,07
4111,760,27.1,07
4111,760,28,07
4111,781,23.7,08
4111,781,23.7,08
4111,781,23,08
4111,799,22.6,09
4111,799,24.2,09
4111,799,20.4,09
4111,824,19,10
4111,824,18.6,10
4111,787,16,12
4111,639,42.9,01
4111,639,42,01
4111,639,42.7,01
4111,662,29.1,02
4111,662,41.4,02
4111,662,34.3,02
4118,666,24.8,01
4118,666,25.4,01
4118,639,24.4,02
4118,639,24.2,02
4118,639,23.9,02
4118,639,20.6,03
4118,639,17.7,03
4118,639,22.1,03
4118,639,24.2,03
4118,615,25,04
4118,615,23.3,04
4136,695,27.3,01
4136,695,25,01
4136,748,30.9,02
4136,748,34.9,02
4136,748,37.8,02
4136,748,34.8,03
4136,748,40,03
4136,748,38.5,03
4136,748,41.8,03
4136,756,41.9,04
4136,756,48.1,04
4136,756,40.6,04
4136,742,39.7,05
4136,742,49.6,05
4136,742,41.5,05
4136,739,46.8,07
4136,739,42.1,07
4136,739,39.3,07
4136,752,41.7,08
4136,752,41.7,08
4136,752,39.4,08
4136,773,42.1,09
4136,773,42.4,09
4136,773,43.4,09
4136,780,44.3,10
4136,780,44.3,10
4136,780,38.6,10
4136,780,38.3,10
4136,769,39.7,11
4136,769,38.3,11
4136,769,38.2,11
4136,798,33.7,12
4136,798,38.1,12
4136,695,35.2,01
4136,695,37.3,01
4136,695,31,01
4136,748,30.3,02
4136,748,30.2,02
4136,748,27.8,02
4123,688,13.4,02
4123,688,28.7,02
4123,688,30.1,03
4123,688,28.4,03
4123,688,30.3,03
4123,688,25.1,03
4123,715,30.1,04
4123,715,30.6,04
4123,715,26.9,04
4123,725,25.7,05
4123,725,31.9,05
4123,725,29.7,05
4123,729,32.2,07
4123,729,27.9,07
4123,729,32.1,07
4123,780,28.1,08
4123,780,28.1,08
4123,780,27.2,08
4123,798,30.4,09
4123,798,29,09
4123,798,28.8,09
4123,770,30,10
4123,770,31,10
4123,770,28.1,10
4123,770,26.9,10
4123,818,25.9,11
4123,818,20,11
4123,818,28.1,11
4123,802,23.2,12
4123,802,25.4,12
4123,706,24.7,01
4123,706,21.7,01
4123,706,21.6,01
4117,728,35.7,01
4117,728,38.4,01
4117,707,40.3,02
4117,707,38.4,02
4117,707,38.2,02
4117,707,42.8,03
4117,707,40.1,03
4117,707,41.4,03
4117,707,36.8,03
4117,735,40.1,04
4117,735,42.4,04
4117,735,41.2,04
4117,724,38.7,05
4117,724,42.8,05
4117,724,35.7,05
4117,760,43.4,07
4117,760,33,07
4117,760,38.8,07
4117,795,32.8,08
4117,795,32.8,08
4117,795,30.5,08
4117,820,27.4,11
4117,820,48.7,11
4117,820,54.9,11
4117,720,54.5,12
4117,720,51.7,12
4117,728,63.3,01
4117,728,55.2,01
4117,728,49.5,01
4117,707,51.2,02
4117,707,49,02
4117,707,51.6,02
4158,667,31.9,01
4158,667,29.8,01
4158,674,32.1,02
4158,674,33.2,02
4158,674,33.3,02
4158,674,33.2,03
4158,674,33.4,03
4158,674,21,03
4158,674,28.4,03
4158,632,32,04
4158,632,31.7,04
4158,632,32.9,04
4158,641,31.2,05
4158,641,33.2,05
4158,641,29.4,05
4158,649,33.2,07
4158,649,31.8,07
4158,649,31.7,07
4158,696,32.3,08
4158,696,32.3,08
4158,696,28,08
4158,720,27.1,09
4158,720,23.5,09
4158,705,22.5,11
4158,705,34.8,11
4158,671,41.1,12
4158,671,43.4,12
4158,667,46.9,01
4158,667,45.8,01
4158,667,40,01
4158,674,40.7,02
4158,674,44.9,02
4158,674,42.9,02
4469,611,32.9,01
4469,611,32.7,01
4157,827,33,03
4157,827,41.4,03
4157,827,42.2,03
4157,753,45.1,04
4157,753,47.9,04
4157,753,42.6,04
4157,761,43.9,05
4157,761,45.4,05
4157,761,43.6,05
4157,796,28.8,10
4157,796,32.6,10
4157,796,35.4,10
4157,796,33.1,10
4157,824,33.6,11
4157,824,33.1,11
4157,824,34.5,11
4157,823,33.8,12
4157,823,35.9,12
4157,833,35.8,01
4157,833,31.7,01
4157,833,28.8,01
4157,827,30.5,02
4157,827,31,02
4157,827,30.9,02
4490,690,27.6,01
4490,690,27.7,01
4490,692,25.9,02
4490,692,26,02
4490,692,26.1,02
4490,692,26.7,03
4490,692,24.7,03
4490,692,21.5,03
4522,719,14,01
4522,719,12,01
5050,595,28.2,09
5050,595,32.8,09
5050,595,31.8,09
5050,592,34.5,10
5063,622,42.7,09
5063,622,42.6,09
5063,622,44.6,09
5063,636,44.5,10
5063,636,39.6,10
5063,636,40.2,10
5063,636,45.7,10
5063,659,37.6,11
5063,659,39.3,11
5063,659,39.9,11
5078,697,34.9,01
5078,697,36.6,01
5078,723,45.3,02
5078,723,47.6,02
5078,723,42.1,03
5078,723,53.5,03
5078,723,48.1,03
5078,723,45.6,03
5078,747,42.3,04
5078,747,41.7,04
5078,747,43.2,04
5078,754,40.6,05
5078,754,44.7,05
5078,754,39.4,05
5078,750,38,07
5078,750,33.5,07
5078,750,28.1,07
5078,781,26.2,08
5078,781,26.2,08
5078,781,20.4,08
5078,832,19.2,09
5078,832,23.3,09
5109,665,37.5,01
5109,665,39.7,01
5109,665,39,02
5109,665,38.1,02
5109,665,33.9,02
5109,665,31,03
5109,665,31.8,03
5109,665,31.6,03
5109,665,30.9,03
5109,666,40.5,05
5109,636,48.3,07
5109,636,50.7,07
5109,636,50.7,07
5109,662,40.2,08
5109,662,40.2,08
5108,695,37.7,01
5108,695,46.1,01
5108,692,47.6,02
5108,692,39.5,02
5108,692,43.9,02
5108,692,42.3,03
5108,692,43.8,03
5108,692,42.3,03
5108,692,38.4,03
5108,721,43.8,04
5108,721,44.9,04
5108,721,46.5,04
5108,708,41.3,05
5108,708,47.9,05
5108,708,44.6,05
5108,694,36.6,07
5108,694,30,07
5108,694,36.5,07
5108,700,30.5,08
5108,700,30.5,08
5108,700,36.2,08
5108,723,30.5,09
5108,723,30.1,09
5108,723,37.5,09
5108,759,35,10
5108,759,34.3,10
5108,759,32,10
5108,759,33.6,10
5108,775,31.5,11
5108,695,20,01
5108,692,47.4,02
5108,692,52.4,02
5108,692,43.5,02
5116,656,25.3,01
5116,656,27.7,01
5116,672,23.9,02
5116,672,25,02
5116,672,23.4,02
5116,672,21.9,03
5116,672,17.2,03
5116,672,17,03
5116,672,19.8,03
5116,670,17.3,04
5116,670,11.4,04
5131,732,29.2,01
5131,732,29,01
5131,747,23.2,02
5131,747,19.6,02
5131,747,14.2,02
5131,747,9.6,03
5131,653,47.8,04
5131,662,45.3,05
5131,662,51.7,05
5131,662,49.6,05
5131,680,54.7,07
5131,680,51.6,07
5131,680,56.8,07
5131,698,47.3,08
5131,698,47.3,08
5145,798,42,03
5145,798,43.5,03
5145,798,53.2,03
5145,629,53.8,04
5145,629,58.5,04
5145,629,56.2,04
5145,640,54.3,05
5145,640,56.4,05
5145,640,57,05
5145,614,51.5,07
5145,614,49.8,07
5145,614,48.8,07
5145,634,45.7,08
5145,634,45.7,08
5145,634,42.8,08
5145,664,47.1,09
5145,664,50.3,09
5145,664,49.7,09
5145,633,46,10
5145,633,46.4,10
5145,633,40.9,10
5145,633,47.2,10
5145,655,45.5,11
5145,655,42.3,11
5145,655,44.4,11
5145,680,36.9,12
5145,680,27.8,12
5141,670,32,02
5141,670,40.6,02
5141,670,41.8,03
5141,670,44.6,03
5141,670,45.3,03
5141,670,46.1,03
5141,661,50.9,04
5141,661,38.3,04
5141,661,41.2,04
5141,694,45.5,05
5141,694,48.8,05
5141,694,42,05
5141,682,42.7,07
5141,682,39.9,07
5141,682,43.4,07
5141,717,41,08
5141,717,41,08
5141,717,41,08
5141,747,39.2,09
5141,747,35,09
5141,747,33.2,09
5141,723,39.1,10
5141,723,36.7,10
5141,723,35.1,10
5141,723,35.6,10
5141,719,34.3,11
5141,719,32.3,11
5141,719,33,11
5141,752,31,12
5141,752,32,12
5141,837,34.1,01
5141,837,28,01
5141,837,25.3,01
5140,685,43.5,01
5140,685,37.7,01
5140,690,46.9,02
5140,690,45.4,02
5140,690,43.1,02
5140,690,41.9,03
5140,690,45.6,03
5140,690,43.4,03
5140,690,43,03
5140,709,45.3,04
5140,709,50.4,04
5140,709,49.5,04
5140,698,47.1,05
5140,698,50.8,05
5140,698,43.1,05
5140,676,45.7,07
5140,676,40.3,07
5140,676,48.6,07
5140,717,42.6,08
5140,717,42.6,08
5140,717,43.8,08
5140,735,46.6,09
5140,735,42.6,09
5140,735,25.9,09
5140,717,33.2,10
5140,717,41.1,10
5140,717,41.6,10
5140,717,45.1,10
5140,767,36.8,11
5140,767,40.6,11
5140,767,39.8,11
5140,788,39,12
5140,788,43.5,12
5140,685,39.1,01
5140,685,42.5,01
5140,685,42.6,01
5140,690,37.8,02
5140,690,31.7,02
5140,690,27.1,02
5121,711,30.6,01
5121,711,30.6,01
5121,660,31.5,02
5121,660,22.8,02
5121,604,37.5,04
5121,604,46,04
5121,604,49.8,04
5121,615,51.9,05
5121,615,55.1,05
5121,615,55.6,05
5121,638,55.4,07
5121,638,49.1,07
5121,641,38.7,12
5121,641,42,12
5121,711,43.2,01
5121,711,44.2,01
5121,711,40,01
5121,660,42,02
5121,660,40.9,02
5121,660,37.6,02
5171,649,21.8,02
5171,649,32.1,03
5171,649,34.6,03
5171,649,35.4,03
5171,649,36.6,03
5171,709,36.7,04
5171,709,37.6,04
5171,709,36,04
5171,715,36,05
5171,715,38.2,05
5171,715,32.5,05
5171,827,17.6,09
5171,757,21,10
5171,757,22,10
5171,757,23.6,10
5171,685,47.7,01
5171,685,48.8,01
5171,685,49.6,01
5171,649,53.1,02
5171,649,57.9,02
5171,649,50.4,02
5175,673,15.3,02
5175,673,28.8,02
5175,673,40.3,02
5175,673,38.6,03
5175,673,44.7,03
5175,673,45.4,03
5175,673,43.7,03
5175,729,47,04
5175,729,49.7,04
5175,729,47.6,04
5175,743,47.7,05
5175,743,55.2,05
5175,743,53.9,05
5175,726,50.7,07
5175,726,50.1,07
5175,726,55.1,07
5175,743,49.5,08
5175,743,49.5,08
5175,743,41.2,08
5175,735,24.1,09
5175,735,35.7,09
5175,735,41.5,09
5175,705,38.1,10
5175,705,37.2,10
5175,705,34.8,10
5175,705,33.5,10
5175,753,38.3,11
5175,753,37.5,11
5175,753,43.2,11
5175,738,37.5,12
5175,738,36.8,12
5175,685,39.6,01
5175,685,33.3,01
5175,685,33.1,01
5175,673,35,02
5175,673,36.6,02
5175,673,33.6,02
5176,642,31.8,01
5176,642,33,01
5176,663,32.1,02
5176,663,24.9,02
5176,663,34.8,02
5176,663,30.7,03
5176,663,33.5,03
5176,663,30.4,03
5176,663,26,03
5176,717,29.3,04
5176,717,30.3,04
5176,717,31.6,04
5176,735,27.6,05
5176,735,29.2,05
5176,735,27,05
5176,763,28.6,07
5176,763,26.6,07
5176,763,28.6,07
5176,784,27.6,08
5176,784,27.6,08
5176,784,23.8,08
5176,809,23.4,09
5176,809,23.7,09
5176,809,24.2,09
5176,817,21.3,10
5176,817,19.4,10
5176,817,18.7,10
5182,524,26.6,01
5182,524,0.5,01
5183,718,38.5,04
5183,718,53.6,04
5183,718,53.5,04
5183,705,56.7,05
5183,705,62.1,05
5183,705,60.4,05
5183,710,53.1,07
5183,710,48.5,07
5183,746,37.5,12
5183,746,42.1,12
5183,790,39.8,01
5183,790,38.4,01
5183,790,36.9,01
5183,772,36.7,02
5183,772,40.5,02
5183,772,35.6,02
5184,603,45.8,07
5184,603,39.8,07
5184,643,33,12
5184,643,33.7,12
5184,661,29.8,01
5184,661,34.2,01
5184,661,33.1,01
5184,624,26.9,02
5184,624,31,02
5184,624,30.1,02
5486,749,20.1,01
5486,749,20.4,01
5486,713,24.6,02
5486,713,16.5,02
5495,644,35.5,01
5495,644,36.9,01
5511,642,32.2,03
5511,642,34.4,03
5511,642,38,03
5511,551,41.3,04
5511,551,46.6,04
5511,551,44.2,04
5595,632,23.1,01
5595,632,23.2,01
5595,663,23.8,02
5595,663,22.5,02
5595,663,23.8,02
5595,663,23.1,03
5595,663,18.4,03
5595,663,21.5,03
6006,742,28.7,01
6006,742,27.3,01
6006,761,29.5,02
6006,761,30.8,02
6006,761,32.7,02
6006,761,29.9,03
6006,761,27.4,03
6006,761,26.8,03
6006,761,27.3,03
6006,805,40,09
6006,805,42.5,09
6006,805,44.4,09
6006,799,42.4,10
6006,799,41,10
6006,799,39.6,10
6006,799,37.1,10
6006,780,35.6,11
6006,780,36.7,11
6006,780,29.9,11
6006,775,35.1,12
6006,775,37.5,12
6006,742,34.7,01
6006,742,36.7,01
6006,742,31.9,01
6006,761,29.5,02
6006,761,30.9,02
6006,761,32,02
6008,683,22.5,01
6008,683,24.7,01
6008,695,27,02
6008,695,27.2,02
6008,695,23.1,02
6008,695,20.1,03
6008,695,24.9,03
6008,695,23.4,03
6008,695,21.9,03
6014,635,23.7,02
6014,635,36.6,03
6014,635,40.8,03
6014,635,45.9,03
6014,635,47.4,03
6014,639,53.2,04
6014,639,54.6,04
6014,639,49.9,04
6014,664,50.2,05
6014,664,49.8,05
6014,664,52.4,05
6014,637,53.5,07
6014,637,45.1,07
6014,637,48.6,07
6014,685,39.8,08
6014,685,39.8,08
6014,685,40.2,08
6014,704,38.2,09
6014,704,40.3,09
6014,704,46.6,09
6014,711,20.6,10
6014,711,39.4,10
6014,711,40.8,10
6014,711,37.7,10
6014,683,38.8,11
6014,683,33,11
6014,683,30.3,11
6060,614,24.8,03
6060,614,37.3,03
6060,614,39.3,03
6060,614,42.7,03
6060,630,40.2,04
6060,630,42.1,04
6060,630,40.5,04
6060,630,39.5,05
6060,630,39.8,05
6060,630,36.6,05
6060,631,38.4,07
6060,631,31.2,07
6060,631,38.6,07
6060,665,31.9,08
6060,665,31.9,08
6060,665,32.2,08
6060,680,28.6,09
6060,680,32.2,09
6060,680,29.2,09
6060,690,30.7,10
6079,627,28.5,03
6079,627,29.7,03
6079,627,34.6,03
6079,627,38.1,03
6079,661,35,04
6079,661,42,04
6079,661,36.7,04
6112,720,22.4,01
6112,720,22.2,01
6112,673,17.3,02
6112,675,44.3,04
6112,675,45.4,04
6112,675,45.2,04
6112,671,44.1,05
6112,671,48.8,05
6112,671,47,05
6112,721,28.6,11
6112,721,29.7,11
6112,721,31.9,11
6112,673,14.9,02
6112,673,32.4,02
6114,611,31.3,01
6114,611,33.1,01
6114,611,33.5,02
6114,611,28.4,02
6114,611,32.2,02
6114,611,32.9,03
6114,611,34.2,03
6114,611,34.2,03
6114,611,33.6,03
6114,652,33.7,04
6114,652,42.4,04
6114,652,34.2,04
6114,667,32,05
6114,667,34.9,05
6114,667,34.3,05
6114,688,28.9,07
6114,688,25.3,07
6114,688,21.8,07
6114,604,35.5,10
6114,604,36,10
6114,604,34.1,10
6114,604,33.3,10
6114,501,36.3,11
6115,808,23.5,01
6115,808,24.3,01
6115,824,21.7,02
6115,824,20.8,02
6115,824,18.31,02
6115,824,18.4,03
6115,643,15.1,07
6115,643,23.4,07
6115,643,33,07
6115,702,36,08
6115,702,36,08
6115,739,37.1,09
6115,739,33.3,09
6115,739,36.8,09
6115,770,40.1,10
6115,770,42.9,10
6115,770,42.2,10
6115,770,42,10
6115,810,41.8,11
6115,810,38.7,11
6115,810,41.4,11
6115,827,36,12
6115,827,34.1,12
6115,808,37.3,01
6115,808,35.6,01
6115,808,36.2,01
6115,824,27.4,02
6115,824,25.5,02
6115,824,25.2,02
6148,624,38.5,01
6148,624,34.9,01
6148,615,41.1,02
6148,615,35.7,02
6148,615,39.9,02
6148,615,34.1,03
6148,615,35.9,03
6148,615,34.9,03
6148,615,35.2,03
6148,609,39.9,04
6148,609,40.6,04
6148,609,40.1,04
6148,609,35.7,05
6148,609,38.5,05
6148,609,34.3,05
6148,595,28.8,07
6148,595,27.4,07
6148,595,32.4,07
6148,629,29.3,08
6148,629,29.3,08
6148,629,29,08
6148,654,28.4,09
6148,654,28.5,09
6148,654,33.5,09
6148,641,31,10
6148,641,31.5,10
6148,641,30.7,10
6148,641,30.5,10
6148,660,29.6,11
6148,660,27.6,11
6148,660,28.4,11
6148,679,27.8,12
6148,679,30.8,12
6148,624,25.2,01
6148,624,27.5,01
6148,624,26.4,01
6148,615,28.1,02
6148,615,26.9,02
6148,615,26.5,02
6120,750,28.3,01
6120,750,21.3,01
6120,767,25.8,02
6120,767,30.1,02
6120,767,28.9,02
6120,767,29.4,03
6120,767,22.8,03
6120,767,24.6,03
6120,767,26.5,03
6120,821,24.5,04
6120,821,28.7,04
6120,821,29.1,04
6120,750,36.7,01
6120,750,36.3,01
6120,750,41.8,01
6120,767,45.5,02
6120,767,49.3,02
6120,767,47.8,02
6129,690,25.5,01
6129,690,27.1,01
6129,684,24.6,02
6129,684,24.6,02
6129,684,25.8,02
6129,684,26.2,03
6129,684,23.4,03
6129,684,21.2,03
6129,684,24,03
6129,609,17.7,04
6129,609,19.4,04
6129,741,16.1,08
6129,741,16.1,08
6129,741,40.1,08
6129,686,40.3,09
6129,686,42.6,09
6129,686,36.8,09
6129,639,40.3,10
6129,639,44.3,10
6129,639,39,10
6129,639,41.9,10
6129,689,40.3,11
6129,689,35,11
6129,689,38.2,11
6129,687,35.5,12
6129,687,34.9,12
6129,690,33.7,01
6129,690,32.6,01
6129,690,30.3,01
6129,684,29.8,02
6129,684,26,02
6129,684,22.5,02
6125,651,33.5,01
6125,651,28.1,01
6125,680,31.9,02
6125,680,30.9,02
6125,680,30.5,02
6125,680,30.5,03
6125,680,9.6,03
6125,680,24.5,03
6125,680,27.2,03
6125,695,31,04
6125,695,32.8,04
6125,695,29.7,04
6125,678,31.1,05
6125,678,30.3,05
6125,678,27.9,05
6125,714,25.2,07
6125,714,25.2,07
6125,714,28.3,07
6125,735,22.3,08
6125,735,22.3,08
6125,735,21.9,08
6125,751,22.1,09
6125,751,24.4,09
6125,751,23,09
6125,768,21.8,10
6125,768,23.6,10
6125,768,25,10
6125,768,21.8,10
6125,812,21.4,11
6139,604,1.5,01
6139,599,31.8,02
6139,599,38.1,02
6139,599,44.4,02
6139,599,37.9,03
6139,599,40.2,03
6139,599,44.3,03
6139,599,37.3,03
6139,660,44.4,04
6139,660,44.5,04
6139,660,43.8,04
6139,655,41.6,05
6139,655,38.2,05
6139,655,37.5,05
6139,660,29.6,07
6139,660,32.8,07
6139,660,32.1,07
6139,697,26.4,08
6139,697,26.4,08
6139,697,29.6,08
6139,710,28.6,09
6139,710,25.8,09
6139,710,24.1,09
6139,709,26.2,10
6139,709,25.5,10
6139,709,30.5,10
6139,709,26.8,10
6139,757,27.8,11
6139,757,24.5,11
6139,757,25.7,11
6139,765,25.4,12
6139,765,25.4,12
6139,604,19.5,01
6139,604,19.2,01
6139,604,18.5,01
6139,599,21.1,02
6139,599,16.4,02
6139,599,11.1,02
6131,656,38.7,01
6131,656,39.9,01
6131,647,41.6,02
6131,647,23.4,02
6131,647,42.9,02
6131,647,30.6,03
6131,647,37.3,03
6131,647,35,03
6131,647,39.5,03
6131,675,37.7,04
6131,675,41.9,04
6131,675,38.6,04
6131,694,36.8,05
6131,694,39.1,05
6131,694,33.8,05
6131,704,53.2,09
6131,704,51.5,09
6131,644,49.9,10
6131,644,52.6,10
6131,644,53.5,10
6131,644,56.5,10
6131,661,51.1,11
6131,661,48.2,11
6131,661,51.7,11
6131,700,52.9,12
6131,700,55,12
6131,656,54.2,01
6131,656,47.4,01
6131,656,50.7,01
6131,647,46.9,02
6131,647,41.6,02
6131,647,42.1,02
6142,589,21.8,01
6142,566,13.2,03
6142,566,18.3,03
6142,566,16.8,03
6142,566,19.9,03
6142,616,20.2,04
6142,616,21.5,04
6142,616,19.8,04
6142,641,19.2,05
6142,641,19.7,05
6142,641,20.8,05
6142,660,23.5,07
6142,660,26.5,07
6142,660,26.1,07
6142,686,24.1,08
6142,686,24.1,08
6142,686,20.9,08
6142,714,21.3,09
6142,714,22.2,09
6142,714,20,09
6142,705,21.3,10
6142,705,24.3,10
6142,705,20,10
6142,705,22.4,10
6142,741,15.1,11
6142,566,12.1,02
6142,566,32,02
6142,566,40.1,02
6145,607,30.4,01
6145,607,24.9,01
6145,587,32.8,02
6145,587,30.3,02
6145,587,34.8,02
6145,587,29.9,03
6145,587,27.2,03
6145,587,26.2,03
6145,587,28,03
6145,631,34.9,04
6145,631,32.7,04
6145,631,31.9,04
6145,647,31,05
6145,647,35.8,05
6145,647,24.4,05
6145,693,28.1,07
6145,693,20.3,07
6145,693,30.2,07
6145,704,26.8,08
6145,704,26.8,08
6145,704,27.3,08
6145,707,15.5,09
6145,707,21.1,09
6145,707,20.4,09
6145,687,19.7,10
6145,687,20.5,10
6145,687,18.4,10
6145,607,29.9,01
6145,607,42.3,01
6145,607,45.3,01
6145,587,41.5,02
6145,587,43.9,02
6145,587,41.9,02
6156,689,36.1,01
6156,689,36.8,01
6156,716,34.7,02
6156,716,36.1,02
6156,716,38,02
6156,716,29.2,03
6156,716,30.2,03
6156,716,27.1,03
6156,716,33.6,03
6156,722,30,04
6156,722,35.6,04
6156,722,32.8,04
6156,760,31.1,05
6156,760,33.1,05
6156,760,30.3,05
6156,755,23.4,07
6156,755,20.6,07
6156,755,23.2,07
6156,813,15.3,08
6156,813,15.3,08
6156,813,19.3,08
6156,848,16.3,09
6156,848,15.9,09
6156,848,11.9,09
6156,872,13.1,10
6156,872,12.8,10
6156,872,14.2,10
6156,872,11.8,10
6156,919,13,11
6159,475,13.9,04
6159,475,20.2,04
6161,729,16.8,01
6161,706,42.5,03
6161,630,48.4,04
6161,630,57.3,04
6161,630,55.5,04
6161,643,53.7,05
6161,643,43,05
6161,643,52.3,05
6161,671,41.3,11
6161,671,38.5,11
6161,671,47.3,11
6161,671,42.5,12
6161,671,44,12
6161,729,46.5,01
6161,729,41.3,01
6161,729,45.6,01
6161,706,39.3,02
6161,706,43,02
6161,706,40.1,02
6162,671,42.5,01
6162,671,45.6,01
6162,646,44.7,02
6162,646,47.9,02
6162,646,47.3,02
6162,646,43.2,03
6162,646,47.6,03
6162,646,42.3,03
6162,646,43.4,03
6162,707,39.5,04
6162,707,46,04
6162,707,41.4,04
6162,702,38.8,05
6162,702,48.2,05
6162,702,37.2,05
6162,669,18.1,09
6162,669,44.7,09
6162,669,49.4,09
6162,648,53.3,10
6162,648,51.7,10
6162,648,52.7,10
6162,648,52.7,10
6162,646,51.3,11
6162,646,39.3,11
6162,646,22.1,11
6162,585,40.5,12
6162,585,44.4,12
6162,671,45.5,01
6162,671,48,01
6162,671,44.5,01
6162,646,41.9,02
6162,646,42.8,02
6162,646,42.6,02
6163,685,39.5,01
6163,685,43.1,01
6163,684,38.8,02
6163,684,33.1,02
6163,684,41.7,02
6163,684,36.2,03
6163,684,40.3,03
6163,684,41.9,03
6163,684,38.2,03
6163,694,38.7,04
6163,694,44.8,04
6163,694,45.1,04
6163,710,36.1,05
6163,710,27.9,05
6163,710,32.4,05
6163,705,43,09
6163,705,45.7,09
6163,673,48.8,10
6163,673,47.4,10
6163,673,47.1,10
6163,673,44.7,10
6163,691,48.8,11
6163,691,44.1,11
6163,691,43.7,11
6163,710,42.9,12
6163,710,44.1,12
6163,685,45.4,01
6163,685,43.3,01
6163,685,43.3,01
6163,684,42.5,02
6163,684,43,02
6163,684,35.5,02
6166,784,26.9,01
6166,784,25.5,01
6166,850,19.9,02
6166,748,39.6,04
6166,748,36,04
6166,748,42.7,04
6166,767,44.7,05
6166,767,44.9,05
6166,767,44.3,05
6166,812,32.1,11
6166,812,32,11
6166,812,35.6,11
6166,807,30.7,12
6166,807,37.6,12
6166,784,35.1,01
6166,784,34.3,01
6166,784,32.8,01
6166,850,30.9,02
6166,850,32.4,02
6166,850,25,02
6164,682,12.1,02
6164,682,19.6,03
6164,682,28.5,03
6164,682,30.6,03
6164,682,37,03
6164,695,36.8,04
6164,695,36.4,04
6164,695,29,04
6164,719,39.3,05
6164,719,30.8,05
6164,719,36.3,05
6164,703,28.6,10
6164,703,30.2,10
6164,703,31.1,10
6164,703,31.8,10
6164,740,31,11
6164,740,33.1,11
6164,740,33,11
6202,624,35.5,01
6202,624,32.8,01
6202,616,36.5,02
6202,616,40,02
6202,616,41.7,02
6202,616,44.3,03
6202,616,47.8,03
6202,616,43.7,03
6202,616,42.3,03
6202,623,43.4,04
6202,623,46.7,04
6202,623,42,04
6202,634,42.8,05
6202,634,38.6,05
6202,634,42.1,05
6202,619,39.7,07
6202,619,35.4,07
6202,619,40.5,07
6202,630,37.7,08
6202,630,37.7,08
6202,630,39.3,08
6202,664,34.9,09
6202,664,33.4,09
6202,664,36.9,09
6202,651,37.1,10
6202,651,35.5,10
6202,651,35.8,10
6202,651,35.7,10
6202,665,34.3,11
6202,616,32.7,02
6202,616,37.2,02
6202,616,37.5,02
6167,545,18.3,01
6167,545,21.3,01
6167,554,20.1,02
6167,554,17.9,02
6167,554,17.8,02
6167,554,18.8,03
6167,554,19.9,03
6167,554,17.9,03
6167,554,19.4,03
6167,697,26.3,10
6167,697,35.2,10
6167,583,31.9,11
6167,583,31,11
6167,583,28.8,11
6167,581,29.3,12
6167,581,28.3,12
6167,545,23.1,01
6167,545,22.9,01
6167,545,20.4,01
6167,554,24,02
6401,656,23.9,01
6401,633,33.3,02
6401,633,35.4,02
6401,633,38,02
6401,633,32.3,03
6401,633,35.7,03
6401,633,37.5,03
6401,633,37.7,03
6401,702,39,04
6401,702,45.8,04
6401,702,39,04
6401,736,41.6,05
6401,736,46.3,05
6401,736,42.1,05
6401,742,36.5,07
6401,742,34.6,07
6401,742,37.1,07
6401,758,32.4,08
6401,758,32.4,08
6401,758,31.6,08
6401,777,32.4,09
6401,777,31.3,09
6401,777,28.1,09
6401,741,24.9,10
6473,620,23.9,01
6473,620,30.7,01
6473,641,27.7,02
6473,641,26.9,02
6473,641,21.7,02
6473,641,17,03
6582,706,37.9,01
6582,706,40.3,01
6582,721,42.7,02
6582,721,34.3,02
6582,721,36.8,02
6582,721,30,03
6582,721,30.6,03
6582,721,27.5,03
6582,721,30.7,03
6582,718,35.9,05
6582,680,47,07
6582,680,46.7,07
6582,719,49.9,09
6582,719,48.9,09
6582,719,56.6,09
6582,718,55.7,10
6582,718,54.7,10
6582,718,54.7,10
6582,718,53.1,10
6582,726,53.2,11
6582,726,47.4,11
6582,726,49.4,11
6582,742,45.3,12
6582,742,53.1,12
6582,706,48.1,01
6582,706,45.5,01
6582,706,53.7,01
6582,721,47,02
6582,721,35.8,02
6582,721,29.5,02
6483,680,32.6,01
6483,680,36.7,01
6483,691,40.6,02
6483,691,38.2,02
6483,691,36.6,02
6483,691,38.2,03
6483,691,38.1,03
6483,691,39.8,03
6483,691,39.1,03
6483,733,38.3,04
6483,733,39.2,04
6483,733,36.5,04
7027,603,33.3,09
7027,603,29.5,09
7089,526,38.3,09
7089,526,38.8,09
7089,526,37.1,09
7089,536,39.6,10
7089,536,40.4,10
7089,536,38.7,10
7089,536,43.3,10
7089,551,44.9,11
7089,551,44.5,11
7089,551,44.9,11
7089,580,42.6,12
7089,580,41.8,12
7089,594,44.9,01
7089,594,42.5,01
7089,594,35.9,01
7089,597,39,02
7089,597,40.4,02
7089,597,35.3,02
7044,726,33.4,09
7044,726,34.9,09
7044,726,33.4,09
7044,733,33.5,10
7100,642,30.4,01
7100,642,30.2,01
7100,628,33.4,02
7100,628,32.4,02
7100,628,31.8,02
7100,628,30.2,03
7100,628,26.9,03
7100,628,26.1,03
7100,628,27.7,03
7100,697,27.5,04
7100,697,29,04
7100,697,25.2,04
7100,737,38.1,07
7100,737,44,07
7100,737,54.2,07
7100,637,52.8,08
7100,637,52.8,08
7100,637,46,08
7100,668,49.4,09
7100,668,45.9,09
7100,668,47.2,09
7100,627,51.1,10
7100,627,51.5,10
7100,627,46.2,10
7100,627,38.1,10
7100,609,43.1,11
7100,609,43.4,11
7100,609,50.9,11
7100,658,45,12
7100,658,48.7,12
7100,642,47.6,01
7100,642,44.7,01
7100,642,40.8,01
7100,628,41.3,02
7100,628,42.4,02
7100,628,35.5,02
7107,733,37.4,01
7107,733,31.2,01
7107,718,35.9,02
7107,718,33.2,02
7107,718,35.4,02
7107,718,34.1,03
7107,718,37.1,03
7107,718,38.2,03
7107,718,33.6,03
7107,760,35.4,04
7107,760,39.4,04
7107,760,35,04
7107,784,33.1,05
7107,784,32.8,05
7107,784,34,05
7107,788,22.7,07
7107,788,14.6,07
7107,873,29.9,09
7107,873,42.5,09
7107,743,44.24,10
7107,743,45.6,10
7107,743,44.6,10
7107,743,45.5,10
7107,760,41.4,11
7107,760,35.3,11
7107,760,40.8,11
7107,749,40.8,12
7107,749,39.9,12
7107,733,43.8,01
7107,733,43.1,01
7107,733,35.4,01
7107,718,36,02
7107,718,36.6,02
7107,718,31.2,02
7108,691,29.4,01
7108,691,31.9,01
7108,675,33,02
7108,675,27,02
7108,675,24.1,02
7108,670,10.2,04
7108,670,22.2,04
7108,670,26.7,04
7108,696,31.7,05
7108,696,32.1,05
7108,696,32.9,05
7108,807,30.6,11
7108,807,22.4,11
7108,807,30.8,11
7108,782,29.6,12
7108,782,30.2,12
7108,675,13.1,02
7110,649,23.6,01
7110,649,22,01
7110,646,22,03
7110,646,37,03
7110,646,33.4,03
7110,638,42,04
7110,638,42.2,04
7110,638,43.8,04
7110,653,43.9,05
7110,653,42.2,05
7110,653,40,05
7110,673,24.4,10
7110,673,29.8,10
7110,673,28,10
7110,673,26.3,10
7110,717,28.2,11
7110,717,30.2,11
7110,717,27.7,11
7110,732,24.9,12
7110,732,26.1,12
7110,649,21.3,01
7110,649,19.1,01
7113,581,9,03
7113,581,34.1,03
7113,581,38.6,03
7113,581,34.3,03
7113,575,34,04
7113,575,37.5,04
7113,575,33.9,04
7113,609,41.8,05
7113,609,35.9,05
7113,609,33.7,05
7113,654,24.2,10
7113,654,26.2,10
7113,654,29.5,10
7113,654,28.9,10
7113,673,24,11
7113,581,42.7,02
7113,581,44.8,02
7113,581,32.2,02
7112,715,28.1,05
7112,631,50.6,07
7112,631,48.4,07
7112,612,32.6,12
7112,612,36.9,12
7112,615,37,01
7112,615,36.3,01
7112,615,33.1,01
7112,628,32.8,02
7112,628,34.9,02
7112,628,31.6,02
7115,644,25.6,01
7115,644,25.9,01
7115,676,25.1,02
7115,676,26.2,02
7115,676,28.1,02
7115,676,17.7,03
7115,676,18.6,03
7115,676,15.9,03
7115,662,34.9,07
7115,662,38.7,07
7115,662,42.1,07
7115,641,37.2,08
7115,641,37.2,08
7115,641,40.6,08
7115,668,35.5,09
7115,668,37,09
7115,668,40.6,09
7115,693,36.7,10
7115,693,38.9,10
7115,693,35.9,10
7115,693,39.1,10
7115,696,36,11
7115,696,38.3,11
7115,696,40,11
7115,721,39.8,12
7115,721,40.3,12
7115,644,39.5,01
7115,644,39.6,01
7115,644,36,01
7115,676,30,02
7115,676,35,02
7115,676,33.2,02
7114,656,29.6,01
7114,656,28.8,01
7114,674,32.7,02
7114,674,31.5,02
7114,674,34.8,02
7114,674,31.7,03
7114,674,31.1,03
7114,674,32.6,03
7114,674,29.9,03
7114,692,29.9,04
7114,692,34.9,04
7114,692,26.1,04
7114,697,33.3,05
7114,697,36.1,05
7114,697,26.4,05
7114,718,24.3,07
7114,718,26.5,07
7114,718,27.9,07
7114,720,26.9,08
7114,720,26.9,08
7114,720,25.6,08
7114,739,16.9,09
7114,739,25.1,09
7114,739,26.7,09
7114,756,24.5,10
7114,756,27.9,10
7114,756,26,10
7114,756,26.6,10
7114,801,25.5,11
7117,721,21,01
7117,721,25.8,01
7117,736,21.6,02
7117,736,21.9,02
7117,736,21.7,02
7117,736,20.9,03
7117,736,22.6,03
7117,736,18.6,03
7117,810,40.5,07
7117,810,40.5,07
7117,810,45.5,07
7117,692,43.8,08
7117,692,43.8,08
7117,692,41.4,08
7117,701,34.9,09
7117,701,37.8,09
7117,701,37.4,09
7117,716,44.5,10
7117,716,48.5,10
7117,716,48.2,10
7117,716,42.4,10
7117,726,44.3,11
7117,726,42.4,11
7117,726,42.6,11
7117,745,38.7,12
7117,745,39.2,12
7117,721,50,01
7117,721,41.2,01
7117,721,40.4,01
7117,736,41.2,02
7117,736,39.2,02
7117,736,34.8,02
7123,678,42.5,01
7123,678,43.4,01
7123,650,42.5,02
7123,650,40.4,02
7123,650,38.2,02
7123,650,33.5,03
7123,650,34.5,03
7123,650,29.5,03
7123,650,33,03
7123,647,38,04
7123,647,28.8,04
7123,647,31.6,04
7123,680,33.5,05
7123,680,31.5,05
7123,680,32.3,05
7123,653,29.7,07
7123,653,23.6,07
7123,653,21.7,07
7123,676,25.4,08
7123,676,25.4,08
7123,676,25.1,08
7123,743,32.2,09
7123,743,28.9,09
7123,743,28.5,09
7123,761,28.1,10
7123,761,30.1,10
7123,761,31.1,10
7123,761,29.7,10
7123,799,30.5,11
7123,799,26.8,11
7123,799,27.8,11
7123,795,24.2,12
7123,795,25.9,12
7123,678,23.7,01
7123,678,26,01
7123,678,21.8,01
7123,650,24.3,02
7124,649,32.1,01
7124,649,32.1,01
7124,671,31.9,02
7124,671,32.6,02
7124,671,33.4,02
7124,671,28.4,03
7124,671,29.7,03
7124,671,29.4,03
7124,671,29.4,03
7124,718,28.1,04
7124,718,29.6,04
7124,718,26.7,04
7124,738,26.1,05
7124,738,25.8,05
7124,738,19.5,05
7124,775,18.5,07
7124,775,17.3,07
7124,775,15.4,07
7124,808,12.2,08
7124,808,12.2,08
7124,808,14,08
7124,766,4.8,09
7124,671,44.4,02
7124,671,46.1,02
7128,583,21.8,03
7128,583,39,03
7128,583,35.6,03
7128,583,34.8,03
7128,631,36.2,04
7128,631,38.4,04
7128,631,38.2,04
7128,653,34.7,05
7128,653,38.3,05
7128,653,32.5,05
7128,687,27.1,11
7128,687,27.6,11
7128,687,26.8,11
7128,583,21,02
7128,583,27.2,02
7128,583,29.9,02
7145,627,22.2,01
7145,627,26.4,01
7145,563,21.8,04
7145,563,23.4,04
7145,563,23.7,04
7145,606,25.3,05
7145,606,23.8,05
7145,606,24.8,05
7145,614,25,07
7145,614,26.3,07
7145,614,28.2,07
7145,660,26.4,08
7145,660,26.4,08
7145,660,27,08
7145,683,25,09
7145,683,28,09
7145,683,24.9,09
7145,672,24.8,10
7145,672,26,10
7145,672,24.9,10
7145,672,24.4,10
7145,706,24.7,11
7145,706,25.3,11
7145,706,23.2,11
7145,716,23.3,12
7145,716,25.3,12
7152,620,39.5,03
7152,589,47.8,04
7152,589,45.7,04
7152,589,44.1,04
7152,608,46.3,05
7152,608,47.6,05
7152,608,41.8,05
7152,742,28.8,11
7152,742,20.5,11
7152,742,20.6,11
7152,755,17.1,12
7152,755,19.3,12
7152,605,17.1,01
7152,605,13.9,01
7154,579,39.7,01
7154,579,41.9,01
7154,574,43.5,02
7154,574,39.4,02
7154,574,41.2,02
7154,574,42,03
7154,574,47.2,03
7154,574,43.6,03
7154,574,44.3,03
7154,612,43.7,04
7154,612,48.3,04
7154,612,44.4,04
7154,632,41.1,05
7154,632,39.3,05
7154,632,41,05
7154,630,21.9,07
7154,630,16.8,07
7154,696,34.7,11
7154,696,35.2,11
7154,616,34.8,12
7154,616,35.7,12
7154,579,39.4,01
7154,579,38,01
7154,579,36.4,01
7154,574,37.2,02
7154,574,13.4,02
7154,574,18.2,02
7164,667,19.4,01
7164,667,9.7,01
7164,586,31.4,04
7164,586,34.1,04
7164,586,28.6,04
7164,600,34.7,05
7164,600,35.1,05
7164,600,31.9,05
7167,690,23.7,01
7167,690,24.6,01
7167,640,22.3,02
7167,640,21,02
7167,640,10,03
7167,634,25,04
7167,634,27.8,04
7167,634,29.4,04
7167,663,29.9,05
7167,663,30.6,05
7167,663,28.5,05
7167,747,23.9,11
7167,747,24.3,11
7167,747,25.2,11
7167,771,26.3,12
7167,771,27.7,12
7167,690,27.5,01
7167,690,16.9,01
7167,690,12.1,01
7163,604,27.4,03
7163,604,35.8,03
7163,604,44.6,03
7163,604,46.7,03
7163,632,48,04
7163,632,53,04
7163,632,47.7,04
7163,671,51.3,05
7163,671,46,05
7163,671,49.8,05
7163,706,32.9,11
7163,706,33,11
7163,706,30.2,11
7163,719,32.2,12
7163,719,32.1,12
7163,696,30.8,01
7163,696,22.1,01
7165,722,24.1,01
7165,722,13.5,01
7165,680,25.8,02
7165,680,25.1,02
7165,680,15.4,02
7165,680,20.4,03
7165,680,20.3,03
7165,680,18.1,03
7165,663,9.6,05
7165,660,39.2,07
7165,660,35.2,07
7165,725,27.3,12
7165,725,27,12
7165,722,24.8,01
7165,722,29,01
7165,722,30.6,01
7165,680,27.1,02
7165,680,25.7,02
7165,680,21.5,02
7173,662,35.3,02
7173,662,36.9,03
7173,662,44.1,03
7173,662,45.2,03
7173,662,44.2,03
7173,713,46.5,04
7173,713,46.8,04
7173,713,47.9,04
7173,725,45.7,05
7173,725,49.8,05
7173,725,51.8,05
7173,722,50.5,07
7173,722,44.3,07
7173,722,50,07
7173,722,42.5,08
7173,722,42.5,08
7173,722,42.7,08
7173,778,44.5,09
7173,778,45.4,09
7173,778,42.1,09
7173,761,41.2,10
7173,761,43.7,10
7173,761,41.1,10
7173,761,36.7,10
7173,703,20.9,12
7173,717,30.3,01
7173,717,33.8,01
7173,717,34.6,01
7173,662,8,02
7173,662,16.1,02
7173,662,9.7,02
7175,548,15.8,01
7175,594,29.6,02
7175,594,37.9,02
7175,594,41.1,02
7175,594,39,03
7175,594,39.3,03
7175,594,38.5,03
7175,594,42.1,03
7175,676,42.3,04
7175,676,47.7,04
7175,676,44.4,04
7175,678,46.7,05
7175,678,46.2,05
7175,678,43.9,05
7175,693,40.7,07
7175,693,36.2,07
7175,693,35.8,07
7175,723,34,08
7175,723,34,08
7175,723,36.7,08
7175,750,36.6,09
7175,750,37.3,09
7175,750,32.3,09
7175,764,35.7,10
7175,764,36.3,10
7175,764,32.8,10
7175,764,35.7,10
7175,804,35,11
7175,804,32.5,11
7175,804,33.7,11
7175,812,31.7,12
7175,812,32.7,12
7175,548,31.4,01
7175,548,26.3,01
7179,689,28.4,03
7179,689,32.7,03
7179,689,40.1,03
7179,612,39.9,04
7179,612,41.6,04
7179,612,40.1,04
7179,633,42.3,05
7179,633,39.9,05
7179,633,36.2,05
7179,607,27.1,10
7179,607,29.6,10
7179,607,27.3,10
7179,607,27.6,10
7179,637,27.4,11
7179,637,27.4,11
7179,637,30.1,11
7179,619,0,01
7181,588,32.7,04
7181,588,36.2,04
7181,588,35.5,04
7181,619,34.3,05
7181,619,37,05
7181,619,34.4,05
7181,630,34.6,08
7181,630,34.6,08
7181,630,34.4,08
7181,656,31.3,09
7181,656,34.2,09
7181,656,33.3,09
7181,658,33,10
7181,658,37.1,10
7181,658,33.9,10
7181,658,34.5,10
7181,684,31.7,11
7181,684,29.9,11
7181,684,31.3,11
7181,683,27.6,12
7181,683,30.4,12
7181,706,27.8,01
7181,706,26.6,01
7181,706,28.8,01
7181,712,29.2,02
7181,712,26.9,02
7181,712,21.2,02
7187,546,29.7,02
7187,546,28.5,02
7187,546,36.2,02
7187,546,33.2,03
7187,546,36.1,03
7187,546,35.3,03
7187,546,38.2,03
7187,615,39.5,04
7187,615,43,04
7187,615,42.7,04
7187,634,44.8,05
7187,634,45.9,05
7187,634,43.1,05
7187,637,40.1,07
7187,637,35.8,07
7187,637,42.2,07
7187,682,37,08
7187,682,37,08
7187,682,37.5,08
7187,717,33.4,09
7187,717,29,09
7187,717,32.5,09
7187,699,26.6,10
7187,699,25.5,10
7187,699,18.4,10
7187,692,20,12
7187,692,46,12
7187,538,48.1,01
7187,538,44.4,01
7187,538,46,01
7187,546,44.9,02
7187,546,47.8,02
7187,546,46.1,02
7188,763,34.4,11
7188,705,44.7,12
7188,705,45.7,12
7188,553,50.7,01
7188,553,51,01
7188,553,44.8,01
7188,640,41.2,02
7188,640,47.9,02
7188,640,42.9,02
7203,569,33.7,01
7203,569,37.1,01
7203,566,44.9,02
7203,566,15.8,02
7203,566,33.1,02
7203,566,33.3,03
7203,566,33.2,03
7203,566,33.3,03
7203,566,35,03
7203,598,35,04
7203,598,41.4,04
7203,598,37.1,04
7203,601,34.8,05
7203,601,37.8,05
7203,601,31.2,05
7203,566,39.6,09
7203,566,40.3,09
7203,566,38.8,09
7203,565,45.3,10
7203,565,42.4,10
7203,565,40,10
7203,565,43.1,10
7203,613,35.2,11
7203,613,37.2,11
7203,613,50.6,11
7203,636,45.9,12
7203,636,48.1,12
7203,569,44.8,01
7203,569,41.8,01
7203,569,37.6,01
7203,566,41,02
7203,566,40.3,02
7203,566,41.6,02
7204,608,17.4,04
7204,608,29.1,04
7204,608,30.4,04
7204,628,32.8,05
7204,628,34.5,05
7204,628,36.1,05
7204,620,35.1,07
7204,620,32.3,07
7204,672,26.9,09
7204,672,30.1,09
7204,672,31.1,09
7204,686,29.3,10
7204,686,31.5,10
7204,686,30,10
7204,686,31.1,10
7204,701,28.6,11
7204,701,31.7,11
7204,701,32.9,11
7204,699,31,12
7204,699,32.1,12
7204,732,29,01
7204,732,35,01
7204,732,29.5,01
7204,717,32.6,02
7204,717,33.4,02
7204,717,25.6,02
7189,737,20.8,01
7189,737,19.7,01
7189,744,24.8,02
7189,744,23.4,02
7189,744,23.3,02
7189,744,23,03
7189,744,21.5,03
7189,744,22.9,03
7189,744,19.9,03
7189,767,23.8,04
7189,767,23.7,04
7189,767,22.7,04
7189,776,24.2,05
7189,776,23.3,05
7189,776,23.2,05
7189,797,18.8,07
7189,797,20.7,07
7189,797,21.6,07
7189,829,17.6,08
7189,829,17.6,08
7189,829,16,08
7189,794,16.8,09
7189,737,15.6,01
7189,737,19.2,01
7189,737,21.3,01
7189,744,30.1,02
7189,744,33.6,02
7189,744,29.9,02
8109,573,25.4,01
8109,573,27,01
8109,574,29,02
8109,574,28.5,02
8109,574,24.7,02
8109,574,23.1,03
8109,574,24.6,03
8109,574,26.6,03
8109,574,28.1,03
8109,607,25.4,04
8109,607,28.4,04
8109,607,27.7,04
8109,535,39.8,07
8109,535,40.4,07
8109,535,45.1,07
8109,541,36.3,08
8109,541,36.3,08
8109,541,42.6,08
8109,575,44.3,09
8109,575,31.1,09
8109,575,39.8,09
8109,564,41.9,10
8109,564,42.1,10
8109,564,40.5,10
8109,564,39,10
8109,559,35.8,11
8109,559,36.5,11
8109,559,40.2,11
8109,589,38.7,12
8109,589,37.1,12
8109,573,36.3,01
8109,573,36.4,01
8109,573,33.8,01
8109,574,21.8,02
8109,574,28.1,02
8109,574,27.8,02
7206,608,31.3,04
7206,608,38.3,04
7206,608,38.7,04
7206,630,38.9,05
7206,630,39.1,05
7206,630,40.1,05
7206,621,38.3,07
7206,621,34.2,07
7206,649,31.7,09
7206,649,32,09
7206,649,36.2,09
7206,639,33.2,10
7206,639,29.7,10
7206,639,35.1,10
7206,639,32.4,10
7206,666,36.5,11
7206,666,32.9,11
7206,666,32.9,11
7206,658,30.2,12
7206,658,34,12
7206,700,34,01
7206,700,30.6,01
7206,700,33.6,01
7206,694,34.3,02
7206,694,32.1,02
7206,694,27.2,02
8110,523,19.2,01
8110,523,20.5,01
8110,465,22,03
8110,465,23.6,03
8110,465,28.2,03
8110,465,25.4,03
8110,489,23.1,04
8110,489,22.7,04
8110,489,21.1,04
8110,535,22.7,05
8110,535,21.7,05
8110,535,22.6,05
8110,507,19.6,07
8110,507,21.2,07
8110,507,23.3,07
8110,563,21.1,08
8110,563,21.1,08
8110,563,17.3,08
8110,579,22.2,09
8110,579,21.3,09
8110,579,21.3,09
8110,566,19.3,10
8110,566,19.5,10
8110,566,22.6,10
8110,465,34.5,02
8110,465,36.2,02
8110,465,36.8,02
8129,518,23.7,03
8129,518,25.9,03
8129,518,27.8,03
8129,474,30.8,04
8129,474,29.4,04
8129,474,30.9,04
8129,509,31.3,05
8129,509,29.1,05
8129,509,29,05
8129,499,30.9,07
8129,499,31.7,07
8129,499,31.9,07
8129,520,25.5,08
8129,520,25.5,08
8129,520,15.5,08
8129,528,18.5,09
8129,528,19,09
8129,528,21.8,09
8129,516,23.4,10
8129,516,25.4,10
8129,516,23.8,10
8129,516,24.8,10
8129,534,26.3,11
8129,534,24.7,11
8129,534,25.9,11
8129,553,22.6,12
8129,553,21.8,12
8111,575,44.7,07
8111,575,40,07
8111,575,42.2,07
8111,606,40.8,08
8111,606,40.8,08
8111,606,37.2,08
8111,625,38.6,09
8111,625,42.3,09
8111,625,42.8,09
8111,628,46.8,10
8111,628,45.9,10
8111,628,46.9,10
8111,628,44.1,10
8111,655,46.6,11
8111,655,43.6,11
8111,655,45.1,11
8111,668,42.7,12
8111,668,43.1,12
8111,653,46.3,01
8111,653,43.7,01
8111,653,36.9,01
8111,652,39.8,02
8111,652,39.8,02
8111,652,38.7,02
8113,501,20.6,02
8113,501,23.1,02
8113,501,27.5,03
8113,501,30.5,03
8113,501,30.1,03
8113,501,31.3,03
8113,554,34.1,04
8113,554,34.6,04
8113,554,39.3,04
8113,579,37.7,05
8113,579,39.6,05
8113,579,36.8,05
8113,600,40.3,07
8113,600,34.9,07
8113,600,31.4,07
8113,599,39.6,08
8113,599,39.6,08
8113,599,34.2,08
8113,634,30,09
8113,634,30.5,09
8113,634,33.5,09
8113,642,34.3,10
8113,642,33.2,10
8113,642,31.8,10
8113,642,33.3,10
8113,630,30.4,11
8113,624,32.4,01
8113,501,41,02
8113,501,45.9,02
8113,501,40.2,02
8114,684,36.6,03
8114,684,41.1,03
8114,684,48.1,03
8114,618,48.8,04
8114,618,50,04
8114,618,50.9,04
8114,609,48.6,05
8114,609,51.4,05
8114,609,46.5,05
8114,614,51.5,07
8114,614,44.2,07
8114,614,50.2,07
8114,647,46.4,08
8114,647,46.4,08
8114,647,43.6,08
8114,675,47.3,09
8114,675,48.3,09
8114,675,44.7,09
8114,654,46.8,10
8114,654,47.7,10
8114,654,46.7,10
8114,654,45.5,10
8114,672,45.3,11
8114,672,44.6,11
8114,672,47.7,11
8114,708,40.4,12
8114,708,41.8,12
8114,657,45.1,01
8114,657,44.2,01
8114,657,36.9,01
8114,684,41.6,02
8114,684,34.5,02
8112,537,30,01
8112,537,30.5,01
8112,549,30.4,02
8112,549,32.1,02
8112,549,31.4,02
8112,549,26.6,03
8112,549,28.5,03
8112,549,31.2,03
8112,549,29.7,03
8112,560,30.2,04
8112,560,33.3,04
8112,560,30.4,04
8112,579,32,05
8112,579,32.4,05
8112,579,29.3,05
8112,600,32.5,07
8112,600,32.6,07
8112,600,37.2,07
8112,617,32.1,08
8112,617,32.1,08
8112,617,32,08
8112,641,31.8,09
8112,641,32.4,09
8112,641,34.2,09
8112,631,36.6,10
8112,631,34,10
8112,631,33.6,10
8112,631,31.7,10
8112,644,33.3,11
8112,644,28.3,11
8112,644,31.5,11
8112,647,29,12
8112,647,32.7,12
8112,537,33.1,01
8112,537,28.2,01
8116,607,26,01
8116,607,27.1,01
8116,584,23.6,02
8116,522,26.2,04
8116,522,23.1,04
8116,522,28.5,04
8116,551,27.3,05
8116,551,23.9,05
8116,551,24.8,05
8116,655,24.7,11
8116,655,26,11
8116,655,27.7,11
8116,664,23.8,12
8116,664,23.2,12
8116,584,23,02
8128,547,32.4,01
8128,547,29.3,01
8128,538,30.3,02
8128,538,24.8,02
8128,538,33.2,02
8128,538,29.9,03
8128,538,30.2,03
8128,538,29.7,03
8128,538,31.1,03
8128,557,34.8,04
8128,557,30.8,04
8128,557,31.7,04
8128,593,30.9,05
8128,593,30.5,05
8128,593,29.1,05
8128,613,31.4,08
8128,567,48,09
8128,567,45.7,09
8128,567,50.1,09
8128,525,48.4,10
8128,525,48,10
8128,525,40.5,10
8128,525,42.7,10
8128,555,45,11
8128,555,46.9,11
8128,555,50,11
8128,587,45.8,12
8128,587,47.7,12
8128,547,49.1,01
8128,547,47.8,01
8128,547,42.4,01
8128,538,37,02
8128,538,43.3,02
8128,538,45.4,02
8124,554,21,01
8124,554,23.5,01
8124,516,24.7,02
8124,516,25.2,02
8124,516,23.3,02
8124,538,21.3,04
8124,538,28.2,04
8124,538,32.5,04
8124,537,37.2,05
8124,537,36.4,05
8124,537,34.6,05
8124,610,30.4,11
8124,610,28.4,11
8124,610,30.9,11
8124,622,28.2,12
8124,622,26.7,12
8124,554,28.1,01
8124,554,25.3,01
8124,554,27.2,01
8124,516,28.2,02
8124,516,24.4,02
8124,516,20.7,02
8118,580,22.4,01
8118,580,21.7,01
8118,605,25.3,02
8118,605,27,02
8118,605,29.7,02
8118,605,28.3,03
8118,605,30.4,03
8118,605,28.5,03
8118,605,29,03
8118,643,30.6,04
8118,643,31.5,04
8118,643,30.1,04
8118,653,30.6,05
8118,653,30.6,05
8118,653,29.4,05
8118,662,33.9,07
8118,662,30.1,07
8118,662,33.6,07
8118,685,29.7,08
8118,685,29.7,08
8118,685,24.7,08
8118,684,28.2,09
8118,684,30.2,09
8118,684,26.2,09
8118,683,18.7,11
8118,626,34.7,12
8118,626,39.7,12
8118,580,45.7,01
8118,580,47,01
8118,580,45.6,01
8118,605,43.7,02
8118,605,47,02
8118,605,42.9,02
8130,558,33.3,01
8130,558,31.2,01
8130,538,28.1,02
8130,538,29.9,02
8130,538,30.7,02
8130,538,27.2,03
8130,538,24,03
8130,538,31.3,03
8130,538,26.6,03
8130,528,30.1,04
8130,528,26.8,04
8130,558,39,07
8130,558,37.7,07
8130,558,40,07
8130,580,40.7,08
8130,580,40.7,08
8130,558,36.8,01
8130,558,37.8,01
8130,558,35.7,01
8130,538,38.8,02
8130,538,39.7,02
8130,538,3.9,02
8131,511,23.6,01
8131,511,27,01
8131,525,27.9,02
8131,525,28.1,02
8131,525,28.1,02
8131,525,27.2,03
8131,525,25.8,03
8131,525,26.7,03
8131,525,27.5,03
8131,562,28.3,04
8131,562,30.1,04
8131,562,29.6,04
8131,588,25.3,05
8131,588,30.8,05
8131,588,24.5,05
8131,587,31,07
8131,587,28.4,07
8131,587,31.1,07
8131,607,30,08
8131,607,30,08
8131,607,26,08
8131,573,0,09
8131,573,11.1,09
8131,573,9.2,09
8131,559,10,10
8131,559,11.6,10
8131,559,9.2,10
8131,511,9.1,01
8131,511,31.6,01
8131,525,34.4,02
8131,525,36,02
8131,525,33.8,02
8140,610,29.7,01
8140,610,30.9,01
8140,593,32.3,02
8140,593,27.6,02
8140,593,30.9,02
8140,593,27.1,03
8140,593,31.1,03
8140,593,25.6,03
8140,610,12.3,05
8140,610,34.5,05
8140,642,35.3,07
8140,642,35.2,07
8140,678,30.4,12
8140,678,32.8,12
8140,610,33,01
8140,610,34.5,01
8140,610,34.3,01
8140,593,34.3,02
8140,593,32.4,02
8142,598,26.5,01
8142,598,30.1,01
8142,591,31.8,02
8142,591,29.6,02
8142,591,35,02
8142,591,30.1,03
8142,591,28.3,03
8142,591,28.6,03
8142,591,28.5,03
8142,649,31.6,04
8142,649,33,04
8142,649,30.8,04
8142,675,29.1,05
8142,675,27.4,05
8142,675,27,05
8142,628,37,08
8142,628,37,08
8142,628,42,08
8142,628,45.5,09
8142,628,43.5,09
8142,628,44.7,09
8142,621,42.8,10
8142,621,47.1,10
8142,621,43.4,10
8142,621,47.7,10
8142,656,45,11
8142,656,40.9,11
8142,656,47.8,11
8142,659,44.4,12
8142,659,48.2,12
8142,598,50.1,01
8142,598,43.8,01
8142,598,39.5,01
8142,591,40.3,02
8142,591,39,02
8142,591,35.4,02
8145,594,37.7,07
8145,594,34.4,07
8145,594,33.2,07
8145,593,29.3,08
8145,593,29.3,08
8148,597,21,05
8148,597,21.6,05
8148,597,31.8,05
8148,581,33,07
8148,581,24.2,07
8148,581,31.3,07
8148,623,30.4,08
8148,623,30.4,08
8148,677,31.1,01
8148,677,29.5,01
8148,677,27.7,01
8148,686,25.9,02
8148,686,26.6,02
8148,686,23.5,02
8147,545,25.7,01
8147,545,31.5,01
8147,537,31.6,02
8147,537,34.3,02
8147,537,32.1,02
8147,537,34.6,03
8147,537,36,03
8147,537,37.1,03
8147,537,34.5,03
8147,600,39.6,04
8147,600,42.4,04
8147,600,41.1,04
8147,543,37.1,05
8147,543,33.6,05
8147,543,24.8,05
8147,584,27.6,09
8147,584,40.5,09
8147,584,42.4,09
8147,552,45.1,10
8147,552,47.9,10
8147,552,43.5,10
8147,552,45.6,10
8147,576,43.1,11
8147,576,42.9,11
8147,576,43.8,11
8147,574,43.6,12
8147,574,41.4,12
8147,545,43,01
8147,545,44.3,01
8147,545,37.3,01
8147,537,39.1,02
8147,537,38.7,02
8147,537,37.9,02
8150,586,24.2,03
8150,586,33.8,03
8150,586,39.9,03
8150,570,41.5,04
8150,570,44.9,04
8150,570,40.4,04
8150,591,44.3,05
8150,591,47.5,05
8150,591,42.9,05
8150,556,41.8,07
8150,556,39.1,07
8150,556,41,07
8150,570,23,08
8150,570,23,08
8150,570,31.2,08
8150,589,32.4,09
8150,589,19.2,09
8150,589,31.7,09
8150,582,35.4,10
8150,582,33.9,10
8150,582,34.5,10
8150,582,34,10
8150,616,35.3,11
8150,616,32.8,11
8150,616,34.6,11
8150,604,34.4,12
8150,604,38.4,12
8150,614,37.8,01
8150,614,37.2,01
8150,614,35.2,01
8150,586,34.1,02
8150,586,32.5,02
8150,586,30.7,02
8152,727,33,08
8152,727,33,08
8152,727,34.7,08
8152,656,34.2,09
8152,656,37.6,09
8152,656,38.3,09
8152,656,42.9,10
8152,656,43.6,10
8152,656,45.6,10
8152,656,45.9,10
8152,665,45.5,11
8152,665,43.5,11
8152,665,45.3,11
8152,673,43.6,12
8152,673,43.7,12
8152,650,36.7,01
8152,650,24.6,01
8152,650,31.7,01
8152,669,30.1,02
8152,669,37.1,02
8152,669,30.9,02
8155,546,9.7,02
8155,546,19.1,02
8155,546,22.4,02
8155,546,20.3,03
8155,546,22.8,03
8155,546,26.4,03
8155,546,23,03
8200,507,12.3,04
8200,507,24,05
8200,507,33.1,05
8200,507,35.9,05
8200,518,38.6,07
8200,518,35.4,07
8200,518,39.2,07
8200,546,36,08
8200,546,36,08
8200,546,35.5,08
8200,569,35.1,09
8200,569,36,09
8200,569,33.3,09
8200,556,34.9,10
8200,556,35.5,10
8200,556,32.2,10
8200,556,36.7,10
8200,583,36.1,11
8200,583,33.5,11
8200,583,34.7,11
8200,580,30,12
8200,580,30.8,12
8200,588,35.2,01
8200,588,33.4,01
8200,588,31.9,01
8200,597,33.5,02
8200,597,33.1,02
8200,597,28.2,02
8201,592,26,05
8201,592,34.8,05
8201,568,33.1,07
8201,568,34.7,07
8201,568,36.6,07
8201,574,28.1,08
8201,574,28.1,08
8201,652,28.3,01
8201,652,26.4,01
8201,652,30.8,01
8201,616,31.5,02
8201,616,30.4,02
9101,535,29.6,04
9101,535,32.3,04
9101,535,33.2,04
9101,541,34.4,05
9101,541,39.5,05
9101,541,37.9,05
9101,533,37,07
9101,533,38.6,07
9101,533,40.8,07
9101,577,36.8,08
9101,577,36.8,08
9101,577,36,08
9101,610,36.4,09
9101,610,38.4,09
9101,610,38.5,09
9101,591,36.7,10
9101,591,41.5,10
9101,591,38.2,10
9101,591,39,10
9101,624,38.9,11
9101,624,35,11
9101,624,21.7,11
9101,617,27.8,12
9101,617,26.5,12
9101,643,32.4,01
9101,643,28.2,01
9101,643,25.9,01
9101,661,29.9,02
9101,661,35.3,02
9101,661,28.1,02
9110,549,22.6,03
9110,549,27.8,03
9110,501,27.9,04
9110,501,28.1,04
9110,501,28.3,04
9110,534,27.5,05
9110,534,26.3,05
9110,534,27.1,05
9110,544,29.1,07
9110,544,28,07
9110,544,30.8,07
9110,588,26.4,08
9110,588,26.4,08
9110,588,25.9,08
9110,591,26.6,09
9110,591,25.6,09
9110,591,29.7,09
9110,592,25.3,10
9110,592,26.6,10
9110,592,28.9,10
9110,592,27.7,10
9110,626,27.4,11
9110,626,26.6,11
9110,626,29,11
9110,630,25.7,12
9110,630,24.9,12
9111,697,38.6,09
9111,697,35,09
9111,595,40.1,10
9111,595,42.7,10
9111,595,42.4,10
9111,595,42.8,10
9111,624,41,11
9111,624,41.6,11
9111,624,42,11
9111,623,40.8,12
9111,623,41.8,12
9111,569,46.9,01
9111,569,42.1,01
9111,569,39.4,01
9111,681,41.1,02
9111,681,35.1,02
9111,681,37.9,02
9125,492,23.6,04
9125,492,24.4,04
9125,492,24.9,04
9125,512,25.8,05
9125,512,25.1,05
9125,512,26.7,05
9125,535,17,07
9125,535,26.6,07
9125,535,28.3,07
9125,562,24.6,08
9125,562,24.5,08
9125,581,23.4,09
9125,581,23.5,09
9125,581,25.7,09
9125,571,25.3,10
9125,571,25.6,10
9125,571,25.7,10
9125,571,26.5,10
9125,598,27.9,11
9125,598,25.6,11
9125,598,25.5,11
9125,515,9,02
9125,515,22.7,02
9125,515,24.8,02
9128,552,20.6,03
9128,552,26.2,03
9128,552,32.6,03
9128,535,31.7,04
9128,535,39.2,04
9128,535,38.1,04
9128,559,36.7,05
9128,559,36.3,05
9128,559,34.6,05
9129,608,24.6,08
9130,736,5.7,08
9130,736,5.7,08
9130,736,24.5,08
9130,597,27.1,09
9130,597,33.5,09
9130,597,33.7,09
9130,603,37.5,10
9130,603,38.3,10
9130,603,42.2,10
9130,603,32.4,10
9130,650,37.4,11
9130,650,42.3,11
9130,650,47.2,11
9130,640,47.4,12
9130,640,41.2,12
9130,676,45.4,01
9130,676,44.1,01
9130,676,40.4,01
9130,657,41.4,02
9130,657,38.2,02
9130,657,35.7,02
9135,549,37.2,04
9135,549,33.7,04
9135,549,31.8,04
9135,549,34.7,05
9135,549,35.2,05
9135,549,32.4,05
9135,595,37.8,07
9135,595,38.7,07
9135,595,40.3,07
9135,618,30.7,08
9135,618,30.7,08
9135,618,40,08
9135,636,36.6,09
9135,636,37.2,09
9135,636,34.4,09
9135,655,38.8,10
9135,655,37.5,10
9135,655,42.5,10
9135,655,36.6,10
9135,677,37.4,11
9135,677,33.6,11
9135,677,38.7,11
9135,685,33.4,12
9135,685,36,12
9135,709,38.6,01
9135,709,34.7,01
9135,709,31.1,01
9135,629,30.8,02
9135,629,28.7,02
9137,555,10.2,04
9137,543,31.8,05
9137,543,33.3,05
9137,543,41.8,05
9137,546,40.5,07
9137,546,29.6,07
9137,546,41.3,07
9137,560,40,08
9137,560,40,08
9137,560,33.7,08
9137,601,36.3,09
9137,601,36.8,09
9137,601,40.2,09
9137,595,38.4,10
9137,595,38.6,10
9137,595,38.8,10
9137,595,40.4,10
9137,627,40.2,11
9137,627,41.8,11
9137,627,41.8,11
9137,638,37.2,12
9137,638,37.6,12
9137,582,40.6,01
9137,582,27,01
9137,582,27.3,01
9142,608,22.5,08
9142,608,22.5,08
9142,608,34.7,08
9142,519,38.9,09
9142,519,41.5,09
9142,519,42.4,09
9142,523,43.7,10
9142,523,34.2,10
9142,523,37,10
9142,523,38.7,10
9142,532,42.1,11
9142,532,34.5,11
9142,532,42.2,11
9142,557,38.3,12
9142,557,37.2,12
9142,563,39.9,01
9142,563,40.5,01
9142,563,35.6,01
9142,555,36.3,02
9142,555,33.2,02
9142,555,33.1,02
9139,741,28.8,08
9139,673,37.5,09
9139,673,42.6,09
9139,673,44.2,09
9139,645,44.8,10
9139,645,37.8,10
9139,645,41.4,10
9139,645,27.1,10
9139,644,41.7,11
9139,644,37.6,11
9139,644,44.4,11
9139,662,41.2,12
9139,662,44.7,12
9139,581,42.2,01
9139,581,39.9,01
9139,581,37.9,01
9139,691,37.5,02
9139,691,37.9,02
9139,691,35.3,02
9147,513,27.4,10
9147,513,24.5,10
9147,513,31.5,10
9147,513,40.9,10
9147,551,41.1,11
9147,551,38.7,11
9147,551,34.9,11
9147,529,39.8,12
9147,529,39.5,12
9147,501,41.8,01
9147,501,41,01
9147,501,41.3,01
9147,499,42.3,02
9147,499,36,02
9147,499,39.4,02
9150,480,26.3,05
9150,485,31.4,07
9150,485,31.1,07
9150,485,33.5,07
9150,497,29.6,08
9150,497,29.6,08
9150,497,19.7,08
9150,532,26.6,09
9150,532,27.6,09
9150,532,29.4,09
9150,533,29.8,10
9150,533,32.3,10
9150,533,29.3,10
9150,533,31.4,10
9150,560,30.6,11
9150,560,30.5,11
9150,560,30.7,11
9150,555,29.7,12
9150,555,32.4,12
9150,557,31.9,01
9150,557,28.5,01
9150,557,28.2,01
9158,633,28.5,09
9158,523,29.4,10
9158,523,30.6,10
9158,523,34.7,10
9158,523,39.4,10
9158,537,37.6,11
9158,537,36.3,11
9158,537,38.4,11
9158,525,40.2,12
9158,525,37.6,12
9158,483,42.5,01
9158,483,39.2,01
9158,483,38.7,01
9158,480,37.6,02
9158,480,37.6,02
9158,480,35.8,02
9153,407,30,07
9153,407,25.5,07
9153,407,28.5,07
9153,441,24.9,08
9153,441,24.9,08
9153,441,23.1,08
9153,489,24.6,09
9153,489,25.2,09
9153,489,26.5,09
9153,479,24.8,10
9153,479,26,10
9153,479,25.2,10
9153,479,26.4,10
9153,525,29,11
9153,525,21.6,11
9153,525,26.2,11
9153,536,28.3,12
9153,536,27.7,12
9153,551,25.8,01
9153,551,14,01
9153,551,23.1,01
9153,493,25.2,02
9159,556,28.9,04
9159,670,24.8,09
9159,581,36,10
9159,581,32.2,10
9159,581,34.1,10
9159,581,35.7,10
9159,593,37.8,11
9159,593,36.4,11
9159,593,35,11
9159,593,33.1,12
9159,593,22.7,12
9159,503,33.1,01
9159,503,31.1,01
9159,503,31.4,01
9159,533,34.9,02
9159,533,38.2,02
9159,533,31.5,02
9161,645,26.5,10
9161,645,28.9,10
9161,572,31.2,11
9161,572,32.3,11
9161,572,26.6,11
9161,449,33.7,01
9161,449,34.2,01
9161,449,30.8,01
9161,453,31.5,02
9161,453,34.5,02
9161,453,33.3,02
9165,608,26.2,09
9165,608,29.4,09
9165,503,31.8,10
9165,503,34.3,10
9165,503,33.3,10
9165,503,31.3,10
9165,527,32.1,11
9165,527,30.3,11
9165,527,32.4,11
9165,549,29.5,12
9165,549,30.4,12
9165,447,22,01
9165,447,30.1,01
9165,447,29,01
9165,476,28.9,02
9165,476,31,02
9165,476,32,02
9166,595,28.3,11
9166,595,29.1,11
9166,505,35.3,12
9166,505,33.8,12
9166,371,34.5,01
9166,371,34.7,01
9166,371,33.3,01
9166,389,33.6,02
9166,389,33.1,02
9166,389,32.9,02
9167,592,9,10
9167,529,17,11
9167,529,23.5,11
9167,529,23.5,11
9167,561,23,12
9167,561,26.9,12
9167,414,25.9,01
9167,414,25.1,01
9167,414,23.8,01
9167,430,25.4,02
9167,430,27.2,02
9167,430,27.6,02
9177,523,27.6,01
9177,506,34.4,02
9177,506,36,02
9177,506,28,02
9201,533,21.6,05
9201,533,25.6,05
9201,548,29.7,07
9201,548,27.6,07
9201,548,29.5,07
9201,562,28.1,08
9201,562,28.1,08
9201,562,27.7,08
9201,573,26.8,09
9201,573,28.8,09
9201,573,28.5,09
9201,566,28.5,10
9201,566,30.3,10
9201,566,29,10
9201,566,29.3,10
9201,612,27.7,11
9201,612,29.3,11
9201,612,31.4,11
9201,595,30.5,12
9201,595,33.7,12
9201,630,33.8,01
9201,630,31.1,01
9201,630,27.5,01
9201,625,28.1,02
9201,625,26.6,02
9201,625,28.9,02
9168,664,28.7,10
9168,664,36.6,10
9168,602,39.1,11
9168,602,40.9,11
9168,602,43.2,11
9168,593,39.1,12
9168,593,42.6,12
9168,460,42.9,01
9168,460,40.5,01
9168,460,27.9,01
9168,467,43.1,02
9168,467,41,02
9168,467,39.3,02
9204,589,26.9,07
9204,589,31.4,07
9204,519,31.7,08
9204,519,31.7,08
9204,519,31.1,08
9204,549,31.8,09
9204,549,28.5,09
9204,549,29.1,09
9204,535,27.1,10
9204,535,29.2,10
9204,535,23.7,10
9204,535,25.2,10
9204,576,30,11
9204,576,30.4,11
9204,576,31.2,11
9204,574,30,12
9204,574,31.2,12
9204,555,30.5,01
9204,555,22.6,01
9204,555,21.7,01
9204,584,28.5,02
9204,584,28,02
9204,584,29.1,02
